1,Why is 6 afraid of 7?,Because last time he was hungry 7 8 9,7,4,4
2,Will Smith joke How do you find Will Smith in the snow?,You look for fresh prince...,3,8,7
3,What did the koala bear say to the barber?,You ca-lip this?,4,2,7
4,This is an X and Z conversation...,Y are you in the middle?,7,2,2
5,What did one octopus say to the other octopus?,Will you hold my hand hand hand hand hand hand hand hand?,5,10,1
6,What did the topic sentence say to the evidence?,Why aren't you supporting me?,1,3,4
7,What did the farmer say when he lost his tractor?,Where's my tractor?,6,2,6
8,I need this plant to grow. Well,water you waiting for?,6,5,5
9,How do trees get online?,They just log in...,8,9,1
10,Actually,there are but two types of people Those who can extrapolate from limited data ...,3,2,8
11,A man enters a store and asks for a color printer,the cashier asks What color?,9,9,9
12,With a name like Freddy Mercury...,shouldn't he have done heavy metal?,4,9,4
13,An Olympic gymnast walked into a bar...,She didnt get a medal...,6,4,5
14,Did you know that in high school,Robert E. Lee was voted most likely to secede?,8,9,4
15,What did the elephant say to the horn-less rhino?,Rhino horn?,8,4,10
16,What did one duck say to the other?,Quack!,1,7,1
17,Is it just me,or are circles pointless?,9,1,3
18,2 fish in a tank,one says to the other Do you know how to drive this thing?,3,9,2
19,What do get when you cross 50 female pigs with 50 male deer?,One hundred sows and bucks?,6,10,7
20,My grandpa started walking five miles a day when he was 60...,Now hes 97 years old and we have no idea where he is...,1,10,2
21,What do you call a nose without a body?,Nobody knows...,1,3,8
22,The fast food restaurant for babies. Welcome to Gerber King,may I take your order?,8,2,3
23,How long did it take for the police to catch the man running in his underwear?,It was a brief chase...,5,7,6
24,What did one casket say to the other?,Is that you coffin?,2,2,10
25,If I bought a balloon for $0.99 ...,How much should I sell it for when I adjust for inflation?,8,8,3
26,The hairdresser's oath First,harm no 'do...,9,7,6
27,What's the difference between Bird flu and swine flu?,For one you get tweetment and the other you get oinkment...,3,8,3
28,Two birds are sitting on a perch. One bird says to the other,Do you smell fish?,7,8,1
29,What did one snowman say to the other snowman?,Do you smell carrots?,3,6,9
30,What did one snowman say to the other?,Do you smell carrots?,6,8,3
31,I try not to spend too much time online,but Wi-Fight it?,5,6,1
32,Some people have trouble sleeping,but I can do it with my eyes closed...,10,8,7
33,Why did the air freshener company go out of business?,Because they lacked common scents...,1,5,7
34,What do you say to your sister when she's crying?,Are you having a crisis?,3,3,3
35,What did Cholera say to Malaria?,Are you gonna Jaundice on Saturday?,5,4,2
36,What's the difference between pea soup and roast beef?,Anyone can roast beef...,1,5,1
37,Charles Dickens walks into a bar...,and orders a martini. The bartender asks olive 'er twist?,8,9,5
38,By shear coincidence,all these sheep look the same...,9,3,6
39,My dental hygienist retired after working 55 years...,All she got was a lousy plaque...,9,8,10
40,I finally finished baby proofing the house. Let's see those babies get in here now.,,10,7,7
41,Stay strong! I said to my wi-fi signal.,,2,7,8
42,Whats the best thing to put into a pie?,Your teeth!,2,3,7
43,What did the Triangle say to the Circle?,Your life is pointless.,4,9,2
44,What has a bottom at the top?,Your legs.,9,8,6
45,What did the hammer say to the drill?,You're too boring.,10,7,9
46,What did the Hungarian say to the annoying kid?,You're nothing budapest!,2,2,1
47,What did the closed can say to the half opened can?,YOU'RE BEING UNCANNY!,4,9,3
48,Always put sunglasses on your tree. Then,you'll get the proper shade.,6,7,5
49,what happens if you drink 3.14 liters of water?,you will Pi ss,10,7,3
50,How do you make gold soup?,You use 14 carrots.,7,2,3
51,What's a pirates favorite letter?,You think it's the R but it's really the C. Happy talk like a pirate day!,7,1,2
52,What happens when you get some vinegar in your ear?,You suffer from pickled hearing!,9,7,1
53,How do you kill a circus?,You stab it in the juggler.,5,3,10
54,How do you catch a bra?,You set a booby trap.,10,9,8
55,How do you find Will Smith in the winter?,You search for Fresh Prints.,8,10,4
56,How do you confuse a fish?,You put it in a bowl and tell it go to a corner!,8,1,6
57,How do you make a kleenex dance?,You put a little Boogie in it!,1,4,9
58,When does one play a corny game?,You play it by ear.,9,2,4
59,How do you prepare for a party in space?,You Planet Thanks u/BostonCentrist,3,7,4
60,If life gives you melons,you might have dyslexia.,4,2,4
61,What do you do with epileptic lettuce?,You make a seizure salad!,2,5,1
62,Book,you look so much thinner! I know! I had my appendix removed!,1,8,4
63,Have a very Joseph Christmas! We shouldn't discriminate by sex,you know.,5,8,5
64,What happens if you pass gas in church?,You have to sit in your own pew.,3,7,6
65,What did earth say to the other planets?,You guys have no life!,5,8,8
66,Did you hear the Offspring song about how to store mummies?,You gotta keep 'em desiccated,4,2,9
67,What happens when breed a shark and snowman?,You get a frostbite!,1,8,4
68,What's the difference between a fish and a guitar?,You can't tuna fish!,6,7,1
69,Why can't you run in a camp ground?,You can only 'ran'; it's past tents.,4,4,4
70,Did you hear about the homemade poison ivy remedy?,You can make it from scratch.,8,1,2
71,How do you make a computer your best friend?,You buy it a nice bunch of software and get it loaded!,10,4,4
72,What did the bartender say to the jumper cables?,You better not try to start anything.,10,2,2
73,What do you do to dead chemists?,You barium.,4,3,4
74,Alrighty Kids always remember,you are what you eat So eat loads of sweets and pass on those vegetables,10,7,9
75,What did the German policeman say to his nipples?,You are under a vest!,9,3,2
76,How do you turn soup into gold?,You add 24 carats!,8,1,10
77,What do kids eat for breakfast?,Yogoat!,5,2,2
78,Have you heard about that hot Thai lounge singer?,Yeah. They call him *Frank Sriracha.*,4,8,2
79,Do you guys/gals like horse jokes?,Yeah or neeiiigghh?,9,10,10
80,What game do you play with a wombat?,Wom.,7,3,10
81,How do you think the unthinkable?,With an itheburg.,9,4,4
82,How do you call for a bath?,With a Teletubbie.,5,6,4
83,How do you fix a broken pumpkin?,With a pumpkin patch!,2,9,4
84,How was the Roman Empire cut in two?,With a pair of Caesars.,9,4,7
85,How was Rome split in half?,With a pair of *Caesars*,9,3,7
86,How do you unlock a monastery door?,With a monk key.,10,8,3
87,How do you count cows?,With a cowculator.,8,3,9
88,How does the farmer count up his cows?,with a cowculator.,8,1,7
89,How do you kill a vampire from the South?,With a chicken fried stake,1,2,2
90,Which celebrity is great at creating probate documents?,Will Smith,7,8,7
91,Which whiskey should you buy if you want to dance all night?,Wild Twerky!,7,5,10
92,We now have TWO Wawa's by the interstate. The one on the east side of I4 is not so bad. But the other one,whoa. It's the Wawa West over there.,2,3,5
93,A man was caught stealing in a supermarket today,while balanced on the shoulders of a couple of vampires. He was charged with shoplifting on two counts.,8,6,2
94,Heart attack When is the worst possible time to have a heart attack?,When you are playing Charades.,1,3,1
95,When do you know you are getting a good deal on a boat?,When there's a sail on it.,9,10,8
96,When do elephants have eight feet?,When there are two of them.,4,2,5
97,When is booger not a booger?,When it('s not).,2,4,2
98,When is a door not a door?,When it's a jar,2,10,4
99,If you're American when are you not American?,When European. Or when you're Russian. Any more?,3,7,1
100,What did Tennessee?,What Arkansas.,5,8,4
101,What did Captain Ahab say when he harpooned a whale's tail fin on the first try?,Well that was a fluke.,9,3,6
102,What did one math book say to the other math book?,We've got a lot of problems.,10,10,5
103,People dont like having to bend over to get their drinks...,We really need to raise the bar.,2,8,5
104,I'm making a band! I started a band called 999 Megabytes...,we havent gotten a gig yet.,5,3,5
105,What's the first rule of bug ownership?,Watch your step!,9,10,7
106,What is Jackie Chan's favorite drink?,Wata,5,5,4
107,What do you call Washington State after a long rain storm?,Washed a Ton State. I woke up with that joke in my head this morning. My brain is weird. Had to share it with someone.,4,6,1
108,Pac-Man What should you do before you criticize Pac-Man?,WAKA WAKA WAKA mile in his shoes.,7,8,3
109,What should you do before criticizing Pac-Man?,WAKA WAKA WAKA mile in his shoes,5,5,3
110,WHAT is Bruce Lee's favorite drink?,WAH TAHH!!!!,3,3,5
111,What type of grain uses profanity?,Vulgar Wheat,8,7,3
112,Where do dinosaurs get their pickles from?,Vlasic Park,1,4,3
113,How do porcupines play leapfrog?,Very carefully,7,10,5
114,What kind of birds stick together?,Vel-crows,8,7,9
115,Who was the only novelist with both direction and magnitude?,Vector Hugo.,4,6,5
116,How many Romans does it take to screw in a light bulb?,V.,2,5,2
117,What do you call a cow jumping over a barbed wire fence?,Utter destruction! !!!!,1,7,3
118,Where does the little king keep his little armies?,Up his little sleevies.,8,5,4
119,What's the difference between unlawful and illegal?,Unlawful is against the law and illegal is a sick bird.,6,2,6
120,What do you call an Autobot who works in an overpriced makeup store at the mall ?,Ulta Magnus!,4,1,7
121,What kind of turns do letters take?,U-turns! *From my 9 year old son yesterday. Fixed typo.,5,7,9
122,What is the scientific name for a crippled tyrannosaurus rex ?,Tywalkasoreus Rex,9,5,2
123,What is a pair of sheep's favorite instrument?,Two-Baaas.,1,6,10
124,Wanna hear a dirty joke?,Two white stallions fell in the mud.,8,1,5
125,Did you hear about the fight in the candy store?,Two suckers got licked,5,5,1
126,What's the difference between Botox and Borax?,Two letters.,2,9,8
127,They told me I had type A blood...,turns out it was a typo.,4,2,9
128,What do you get when you mix two chains and a cow?,Truuuuuuuuuuu-moooooooooooooooooo!!!,5,6,9
129,What's made of brass and sounds like Tom Jones?,Trombones!,4,2,4
130,What do you call a cow with three legs?,Tri-tip.,10,2,9
131,What Time Do You Go To The Dentist?,Tooth - Hurty! XD,9,1,2
132,Why don't cats play poker in the jungle?,Too many cheetahs!,8,3,10
133,Why cant college students take exams at the zoo?,Too many cheetahs,9,2,5
134,Did you hear the one about the three eggs?,Too Bad.,7,3,6
135,What do you call a man with his big toe above his shin?,Tony,3,4,1
136,What does a mexican magician make for breakfast?,Toast-tah-dahs!,4,8,6
137,Why do elephants hide behind trees?,To trip ants.,5,9,5
138,Where did the fish go when it needed an operation?,To the sturgeon,10,10,10
139,Where did the cat go when it lost it's tail?,To the retail store!,8,5,8
140,I used to be addicted...,to the hokey pokey but I turned myself around (x-post from /r/jokes),6,9,10
141,Why did the cop wake up his son?,To stop a kid napping.,6,5,2
142,Why did the chicken cross the road?,To show the opossum it could be done.,8,10,7
143,Why did Humpty Dumpty have a great fall?,To make up for a lousy summer.,1,1,1
144,Why did Little Miss Muffet have GPS on her Tuffet?,To keep her from losing her whey.,7,9,5
145,Why did the man with one hand cross the road?,To get to the second hand shop!,4,4,8
146,Why'd the chicken cross the Mobius strip?,To get to the same side.,7,8,8
147,Why did the chicken cross the playground?,To get to the other slide.,5,3,10
148,Why did the bacteria cross the microscope?,To get to the other slide,1,9,8
149,Why did the Chicken cross the playground?,To get to the other slide,4,9,2
150,Why did the chicken cross the playground?,To get to the other slide,10,4,3
151,Why did the chicken cross the road?,To get to the other side.,4,8,1
152,Why did the chicken kill itself?,To get to the other side.,7,3,4
153,Why did the bigamist cross the road?,To get to the other bride.,6,3,3
154,Why did the turtle cross the road?,To get to the nearest Shell Station!,6,7,3
155,Why did the chicken cross the road?,To get away from Gordon ramsey,7,3,2
156,Why did the snail drink beer?,To come out of its shell!,2,8,9
157,Why did the redditor go to /r/zelda?,To boost his link karma! (X-post from /r/Jokes),2,8,4
158,Why did the squirrel cross the road on the telephone wire?,To be on the safe side!,10,6,1
159,I would think you'd have to be open minded,to be a brain surgeon.,10,8,5
160,Where do dogs go when they lose their tails?,To a retail store.,8,7,6
161,What is a traveler's favorite font?,Times New Roamin'!,9,3,2
162,What did one frog say to the other frog?,Time's fun when you're having flies.,3,8,10
163,What did one frog say to the other?,Time's fun when you're having flies.,8,4,4
164,What does a storm cloud have on beneath its clothes?,Thunderwear!,10,6,5
165,What do you find in a cloud's shorts?,Thunderpants!,2,1,5
166,Who is the only superhuman Frozone can't deal with?,Thor.,1,2,7
167,Want to hear a dirty joke?,This boy trips and falls into some mud.,4,5,5
168,Don't you hate jokes about German sausage?,They're the wurst!,7,5,10
169,Why are horses never overweight?,They're on a stable diet.,10,5,3
170,Why are some chillies nosy?,They're jalapeno business,7,1,4
171,There is a special species of bird that is really good at holding stuff together...,They're called velcrows.,6,7,6
172,I can't stand Russian Dolls...,They're always so full of themselves!,8,5,6
173,Captain Ahab's crew were highly efficient sailors In fact,they were running like a whale oiled machine.,10,10,7
174,Why did the vegetables hop into the boiling pot of water?,They were part of a stewicide pact.,5,8,3
175,Why were the Libyans eating money?,They were having dinar.,9,5,5
176,Why don't cannibals like clowns?,they taste funny!,4,2,1
177,How do crazy people go through the forest?,They take the psycho-path.,3,1,6
178,What does a bag of rice and an onion do when they get into a fast car?,They pilaf. I'll show my way out,7,9,7
179,Why aren't sumos chummy with racecar drivers?,They move in different circles.,3,9,5
180,Did you hear about the two monocles at the party?,They made spectacles out of themselves.,8,9,10
181,Why do bears hate shoes so much?,They like to run around in their bear feet.,10,3,10
182,How do cows get their gossip?,They herd it through the bovine.,10,9,9
183,Did you hear about the production delays at that company that makes scales using lengthy pipes?,They had really long weights.,3,2,6
184,Did you hear about the stallion and the mare?,They had a stable relationship.,10,9,7
185,What happened to the Denver Broncos in the Super Bowl?,They had a MetLife crisis. (that's the name of the stadium),10,7,10
186,At the end of the Age of Dinosaurs what happened to the good ones?,They got veloci-raptured.,3,4,9
187,What do cows do for fun?,They go to the mooooo-vies.,6,8,8
188,Did you hear about the Native American who went to a party and drank 37 cups of tea?,They found him dead the next morning in his tea pee.,9,10,6
189,What do ducks do at Christmas time?,They duckerate cookies.,5,5,6
190,Why arent koalas actual bears?,They dont meet the koalafications.,8,2,9
191,Wanna hear a joke about unemployed people? NeverMind,they don't work.,9,6,1
192,why do they call them light bulbs?,they don't weigh very much,8,6,6
193,Why are bears so hairy ?,They don't have salons in the jungle !,8,1,4
194,I hate people who talk about me behind my back...,They discussed me.,8,5,5
195,Why did the vegetable band break up?,They couldn't keep a beet.,9,2,10
196,Why should you avoid people dressed as celery?,They could be stalking you!,9,2,2
197,Why is Kim Jong Un like todays music?,They both ain't got the same Seoul.,8,4,3
198,What happens when you steamroll Batman and Robin?,They become flatman and ribbon.,1,9,2
199,You know what I hate about fashion designers?,They are so clothes-minded.,3,2,3
200,Why don't crabs give to charities?,They are shellfish.,1,7,1
201,I know a guy who collects candy canes,they are all in mint condition.,5,7,5
202,Why can't a Pirate make it through their ABC's?,They always get lost at C.,10,10,7
203,Why are there no midget accountants?,They always come up short.,5,6,10
204,Why don't cats play poker in the jungle,theres too many cheet-ahs,1,3,5
205,Cogito Ergo Spud. I think,therefore I yam.,2,3,2
206,What happens when you don't serve drinks at a party?,There's no punch line.,8,8,5
207,Did you know that it's traditional to serve Eggs Benedict on a hubcap?,There's no plate like chrome for the Hollandaise.,7,1,2
208,A Thanksgiving Joke What did the turkey say about the television program from the 1950s?,There's a little bit too much grayvy.,3,4,3
209,Why did the people not like the restaurant on the moon?,There was no atmosphere,9,9,7
210,What happened when the carrot died?,There was a huge turnip at the funeral.,5,2,3
211,The hole in the boat So two guys steal a boat and get drunk. Kane of them goes Hey,there is a hole in this boat. The other says don't worry it's not ours.,10,8,10
212,What's the best part about twenty two year old wheels of cheese?,There are twenty of them.,4,5,8
213,Every morning I run around the block 5 times,Then I slide the block back under the bed and go back to sleep,9,2,4
214,A man started to throw words beginning with 'th' at me I dodge this,then and there but I didn't see that coming - Tim Vine,2,4,4
215,Why are contortionists always angry?,Their work usually has them pretty bent out of shape.,10,4,9
216,What do Engineers use as birth control?,Their Personality.,4,8,5
217,Why are the nordic countries the best countries to live in?,Their flags are big plusses.,8,2,10
218,What's the best part of a baker's body?,Their buns.,4,6,4
219,Why was the tank top more gangster than the tube top?,The tube top was strapless.,2,10,8
220,Two guys walk into a bar...,the third one ducks.,8,4,5
221,What do you call the ultimate fish doctor?,The Sturgeon General,3,2,1
222,What did Vincent van Gogh call himself when he joined the Justice League?,The Starry Knight,5,8,10
223,Why was the dolphin happy and the shark depressed?,The sharks life lacked porpoise.,7,1,1
224,What age were pigs discovered in?,The Saus Age.,3,1,6
225,What is a spectre's favorite theme park attraction?,The Roller Ghoster,4,4,5
226,What is the world famous Chef Gordan's favorite football team?,The Ramsays,3,3,10
227,What has more letters than the alphabet?,The post office.,9,10,4
228,What's the difference between a Jew and a pizza?,The pizza can have ham and cheese together.,1,5,1
229,What is a bacteria's OTHER favorite dish?,The PETRI dish!,10,1,6
230,What is the cheapest part of a boat?,The part with the sail in it.,2,8,10
231,What side of a turkey has the most feathers?,The outside.,1,1,3
232,What side of a leopard has the most spots?,The outside,10,2,3
233,Where do you buy Pikmin from?,The Oli-Mart,7,9,3
234,What is H.P. Lovecraft's cook book called?,The Necronomnomnomicon.,3,6,3
235,Where do Cows go for parties?,The Moovies,6,7,1
236,What is the swamp-dwellers favorite form of extraterrestrial life?,the Martians,1,7,3
237,Where do you drown a hipster?,The Mainstream.,9,10,2
238,What does r/The_Donald call its rule list?,The MAGA Carta,8,5,9
239,What does December have that other months dont have?,The letter D.,3,9,7
240,Who is William Shatner's mythical nemesis?,The Lepre-khaaaaannnnn!!!!!,2,10,7
241,An invisible man marries an invisible woman...,The kids were nothing to look at either.,9,10,7
242,What's a pigs favorite muscle?,The hamstring.,5,9,3
243,Did you hear about the kidnapping recently?,The goatherd woke him up.,9,10,4
244,Why couldn't the hunter cook breakfast?,The game warden found out he poached his eggs!,8,6,3
245,Which fairground ride is made of iron?,The ferrous wheel,10,2,8
246,Today,the doctor told me that the bottom of my heart has stopped functioning. My girlfriend will be disappointed; that's the part I loved her from.,7,10,9
247,Where do sick boats go?,The dock!,3,9,10
248,I tried to change my password to 14days...,The computer said it was two week.,8,6,7
249,What's a pirate's favorite letter?,The C.,10,5,7
250,What is Paula Deen's favorite insect?,The Butterfly,5,10,9
251,A photon checks into a hotel...,The bellhop asks him if he has any luggage and the photon replies No. I'm travelling light.,8,1,10
252,Which kitchen appliance tells the best jokes?,The beater - he cracks everybody up!,9,3,10
253,If you give a mouse a cookie.. If you give a mouse a cookie.. Why are you giving a mouse any food?,That's unsanitary.,10,10,5
254,Someone dropped their Scrabble in the middle of the road,that's the word on the street anyway.,2,8,6
255,What did the amazed Kazakhstani say?,That's Astana-shing,4,7,5
256,What do you say to someone who is making a cardboard belt?,That's a waist of paper!,7,4,7
257,What did the figurine say when the boot flew past her protective dome?,That was a cloche call!,3,8,6
258,So I work in a Steak House and all the people there are really lazy So I must say after working there,That it's rare to see a job well done,4,9,3
259,What did the mailman say when his Mail truck caught fire?,That he needed to address the situation,4,7,5
260,What is ISIL's favourite dessert?,Terrormisu,7,3,6
261,How many tickles does it take to make a squid laugh?,Tentacles.,10,3,4
262,What time does Sean Connery arrive at Wimbledon?,Tennish,4,4,8
263,How many tickles does it take to make an octopus laugh?,ten-tickles,10,5,7
264,How do you make a squid laugh?,Ten tickles.,4,1,1
265,How many tickles does it take to make an octopus laugh?,Ten tickles.,9,9,9
266,How many tickles does it take to make an octopus laugh?,Ten tickles,7,9,9
267,How many tickles does it take to make an octopus laugh?,Ten tickles,3,5,4
268,What do you call coffee made from coal?,Tarbucks.,3,5,3
269,What's a blind person's favorite fast food joint?,Taco Braille,2,10,10
270,What do you call a bulimic tree?,Sycamore.,3,8,5
271,What do you call a smart pig?,Swinestein.,4,4,3
272,What do you get if you cross an elephant with a fish?,Swimming trunks,9,1,7
273,What did the lazy surgeon say to his patient?,Suture self!,4,6,2
274,Superman and Eyore had a baby. The baby's name?,Supereyore,3,8,8
275,Where do you learn to make ice cream?,Sundae School,10,8,4
276,How does Harry Houdini tell people to steal stuff?,Straight jack it.,6,3,4
277,What do you do if a cow is in the middle of the road you're driving on?,steer clear,1,5,6
278,What do you call a cow with one leg?,Steak.,2,9,2
279,What is the Sun's favorite candy?,Starburst! Another one from my 9 year old. I don't know where he gets it.,5,4,5
280,What goes up and down but does not move?,Stairs,3,7,7
281,What do mathematicians get if they stare at the roots of negative numbers for too long?,Square eyes,6,9,1
282,Where do you go to weigh a pie?,Somewhere over the rainbow weigh a pie. (sounds like way up high),8,10,9
283,What did the eye say to the other eye?,Something smells between us.,1,7,6
284,What's a baker's biggest fear?,Something going a-rye while they're raisin' bread.,5,9,8
285,What do you call someone who points out the obvious?,Someone who points out the obvious.,1,4,8
286,What did Cinderella say while waiting for her photos?,Someday my prints will come,7,7,9
287,Why do elephants paint their toenails red?,So they can hide in cherry trees. You ever seen an elephant in a cherry tree?,7,3,5
288,I was thinking of ways to become transgender...,So I figured I'd fly to Paris. Because then I'd be abroad.,2,5,1
289,A man wanted to name his son a very long name,so he named him Miles,8,3,9
290,Why did the mobster buy a planner?,So he could organize his crime,6,7,9
291,Why did the orange move to veggieland?,So he could live in peas and hominy.,4,2,1
292,What is the longest word in the English language?,SMILES because there is a mile between the first and last letters!,5,10,3
293,What's the longest word in the dictionary?,Smiles because there is a mile between each S!,4,6,8
294,Which word is the longest in the English language?,Smiles - because there is a mile between the first and last letters,4,7,9
295,What do gamers plant in their garden?,Skill trees! **Dances wildly with top hat and cane**,8,8,9
296,Who was the knight that invented the round table?,Sir Cumference. ,1,5,6
297,Who is the roundest knight at King Arthur's table?,Sir Cumference.,5,5,10
298,Who was the most important Knight of the Round Table?,Sir Cumference.,6,2,5
299,Did you hear about that spicy knight?,Sir Acha.,10,5,9
300,How does a mathematician get Tan?,Sin/Cos,8,3,8
301,What do you call a con-artist who minored in psychology?,Sigmund Fraud,8,6,7
302,This mallard waddled into a bar...,Should've ducked.,10,3,8
303,What do you call shaving a crazy sheep?,Shear madness.,6,10,10
304,This dermatologist waits a month to diagnose a skin disorder...,She's reluctant to make a rash decision.,2,9,10
305,Why couldn't Elsa hold on to a balloon?,She would always let it go.,6,10,6
306,Why did Mrs. Grape leave Mr. Grape?,She was tired of raisin kids.,4,6,9
307,Why did the girl quit her job at the donut factory?,She was fed up with the hole business.,6,10,2
308,Why didn't the baby oyster share her little pearl?,She was a little shellfish.,6,9,9
309,Why did the chicken cross the road half-way?,She wanted to lay it on the line.,1,3,4
310,Why did the spider land on the keyboard?,She wanted a new website.,7,7,3
311,How did the prostitute get promoted?,She slept her way to the top!,3,3,6
312,How does a duck pay for lipstick?,She puts it on her bill,10,9,5
313,What did the blonde do when she discovered that most accidents happen within a mile from home?,She moved.,6,10,6
314,Why did the cow go to the psychologist?,She had a fodder complex.,8,1,6
315,When is the month when the most trees fall?,Sep-timber,8,6,5
316,What do fish smoke?,Seaweed!,10,2,10
317,What do you call a deep-sea diving dog?,Scuba - Doo!,9,2,6
318,My shower had a bit of mildew- -but all it took was a little...,scrubbing!!!,4,8,7
319,What kind of boats do smart people ride on?,Scholar ships!,10,8,3
320,What do you call a Romanian grocery clerk?,Scanthesku,3,7,7
321,We don't allow faster-than-light neutrinos in here,says the bartender. A neutrino walks into a bar.,3,2,1
322,Which is the most silky planet?,Satin!,10,8,9
323,What goes oh oh oh?,Santa walking backwards.,8,1,1
324,What is the ardent task of searching for a new wallpaper called?,Running a Backgroud Check.,3,9,5
325,What do you call a Mexican with a rubber toe?,Rubber-Toe! (Roberto),4,2,7
326,What do you call an Italian guy with a rubber toe?,Roberto,6,5,7
327,how do you make 7 even?,remove the s,2,3,7
328,Will Smith's website isn't responding. What do you do?,Refresh Prince of Bel Air.,4,7,5
329,Joke request Tell me your best joke that includes July fourth and fire Let's see what you've got,Reddit!,9,1,6
330,Whats Red and Smells Like Blue Paint?,Red Paint,6,6,6
331,New Internet acronym,RALSHMICOMN Rolling Around Laughing So Hard Milk Is Coming Out My Nose,8,8,8
332,What was Marie Curie's fitness program on the airwaves called?,Radio-Activity,4,5,4
333,What's invisible and smells like carrots?,Rabbit farts,9,3,3
334,What is the horror movie Quija rated?,Quija-13,4,9,9
335,What do you call fake German currency?,Question marks,2,1,1
336,SetUp,PunchLine,1,2,1
337,What do you call a boomerang that doesn't come back?,pt 2 A boomer-WRONG!,3,10,7
338,Where do weirdos ride their bicycles?,Psycho-paths. (as told by one of my coworkers),1,5,8
339,What do you call cheese that is by itself?,Provolone,8,4,7
340,Which cheese is the loneliest?,Prov-alone!,7,3,10
341,What do you call an economics lecturer?,Prof. it,5,10,6
342,What does a can of tuna say?,Premium flaked tuna Best before dd/mm/yy,5,3,7
343,Where do toilets live?,Porcel Lane.,7,8,8
344,Balloon's What's a balloon's favorite genre of music?,Pop.,3,9,4
345,What's a balloon's favorite genre of music?,Pop.,9,4,9
346,Who's the world's greatest underwater spy?,Pond. James Pond.,9,1,1
347,How do you get Pikachu on the bus?,Poke 'em on!,6,6,3
348,What do you call a bald porcupine?,Pointless!,3,10,7
349,What happens when your cousin eats all the Pumpkin pie on Thanksgiving?,Plump kin!,8,3,7
350,What's the difference between a Thai man and a Thai woman?,Pls help.,3,5,3
351,Note for Santa Dear Santa,Please give me a big fat bank account and a slim body. Please don't mix those two up like you did last year. Thanks.,5,2,1
352,How did the pilot like his hotdog?,Plane.,6,4,7
353,Which Pokemon got a cold?,Pik-a-choo.,6,1,1
354,What do you call a Frenchman in sandals?,Philippe Philoppe.,5,7,9
355,Did you hear about the casting for the new Batman movie?,People have really Ben Affleckted by it.,6,6,9
356,why are there fences around graveyards?,people are just dying to get in there these days.,4,10,7
357,What is Forrest Gump's favorite pasta?,Penne,4,2,4
358,What name is given to the most chickens ?,pEGGy,7,1,9
359,What's an idealist vegetarian's favorite meal?,Peas and hominy,3,5,8
360,What are twins favorite fruits?,Pears,9,6,5
361,What do you call a chef who's stingy with herbs?,PARSLEYMONIOUS,2,10,9
362,What do you call a bunch of Asian bears roaring?,Panda-monium.,7,3,2
363,What did one computer CPU say to the other after getting hit?,Ow! That megahertz!,3,3,3
364,What do you call a flower in Florida?,Orlando Bloom.,8,10,9
365,What's the difference between a bag of chips and a duck with the flu?,One's a quick snack and the other's a sick quack!,2,10,4
366,Two pretzels.. Two pretzels went walking down the street,one was assaulted,8,10,8
367,There were two flies sitting on a toilet seat...,one got pissed off.,2,9,5
368,Where do literal dogs live?,On the roof.,1,4,9
369,What's the best way to capitalize on an opportunity?,ON AN OPPORTUNITY,10,7,6
370,What's a martini's favorite garnish?,Olive 'em!,8,9,10
371,What is the most religious unit in electrical engineering?,Ohm.,7,3,7
372,Which US state is the friendliest towards the Japanese?,Ohio,1,6,6
373,What did the rubber band factory worker say when he was fired?,Oh snap!,6,1,2
374,My Girlfriend told me she didn't want anything for Birthday I didn't give her anything,O #ThugLife,7,5,9
375,What did the flat iron say to the follicle?,Now let me get this straight . . .,7,10,5
376,Did you hear about the guy who fell into an upholstery machine?,Now he's fully recovered.,6,7,1
377,What does a rock do all day?,Nothing. (this joke was made by daughter when she was 5),8,2,2
378,what do you call a vampire that sucks mucus instead of blood?,nose-feratu!,10,1,8
379,What do you call a black and white bird that can't win,nor fly. A peng-lose.,10,2,9
380,A bear and a rabbit are pooping in the woods The bear asks the rabbit - do you have a problem with poop sticking to your fur?,Nope So the bear wipes his butt with the rabbit.,5,10,5
381,What type pf culture is most peaceful and never gets angry?,Nomads!,9,3,4
382,What do you call somebody with no body and no nose?,Nobody knows.,1,7,9
383,They laughed when I said I wanted to be a comedian. Well,no ones laughing now.,8,9,9
384,How do you call a deer with no eyes?,No idea.,5,2,3
385,Wanna hear a joke about Nitric Oxide ?,NO,7,5,2
386,I named my cat Curiosity. He killed himself ...,Nine times.,6,4,4
387,What did the 0 say to the 8?,Nice belt.,7,9,4
388,What did the number zero say to the number eight?,Nice belt.,6,1,6
389,What did the O say to the 8?,Nice belt.,2,6,8
390,What did 0 say to 8?,Nice belt!,3,8,9
391,What did the 0 say to the 8?,Nice belt!,8,10,6
392,What did the number zero say to the number eight?,Nice Belt,2,1,9
393,what did the zero say to the eight?,nice belt,3,6,9
394,I invented a time machine,next week.,7,8,1
395,Where did the team get there uniforms?,New Jersey,1,9,6
396,Did y'all hear the one about the professional jump-roper?,Never mind. *Skip it*.,4,4,9
397,Want to hear a joke about pizza?,Never mind it is too cheesy.,2,5,6
398,What do Catholics and guitar players have in common?,Neither of them practice.,7,5,5
399,What does the horse call the pigs on his farm?,Neigh-boars.,4,9,3
400,What do you call cheese that isn't yours?,Nacho cheese!,5,6,6
401,Why did the Wise Man get 25 to life?,Myrrhder,3,6,5
402,My buddy the hacker took the quiz What Beatles song best describes your life. The answer he got,My Way.,5,7,2
403,Fart tutor wanted,must have references,5,5,7
404,What type of cheese lives under your bed?,Muenster.,4,7,10
405,What do cows like on their hotdogs?,MOOstard.,8,5,1
406,What do cows like to put on their hot dogs?,moostard,2,9,7
407,What do you call a burial chamber full of Moose?,Moosoleum.,4,4,5
408,What do they call a monastery key that opens all doors?,Monk key,2,4,8
409,The signature dish of a restaurant called the Twisted Rooster,Mobius Chicken Strips.,8,10,2
410,Branson My wife and I went to Branson,Missouri. I think our hotel caters to senior citizens because it had a free incontinental breakfast.,7,4,7
411,What did the one wall say to the other wall?,Meet you at the corner,9,4,7
412,How does a hamburger introduce his girlfriend?,Meat patty! Thought of you guys!,8,5,1
413,Me have great grammar...,Me learnt everything I know from Sesame Street!,1,3,10
414,What does a Jedi say after a tragic loss of life?,May my thoughts be with them.,4,9,3
415,Who makes the sweetest video games?,Masahiro Saccharide,8,3,2
416,What do you call a discounted Zuckerberg?,Marked down!,6,10,5
417,Old Chinese proverb,Man who not shower in 7 days makes one reek.,7,4,3
418,What did the Buddhist say to the hot dog vendor?,Make me one with everything.,1,9,1
419,What did the Buddhist say to the hotdog vendor?,Make me one with everything.,6,8,1
420,When Captain Picard's sewing machine broke he brought it to the repairman and said...,make it sew.,4,9,8
421,What's the internal temperature of a Taun-Taun?,Lukewarm,10,4,4
422,What did the German air force eat for breakfast during WW2?,Luftwaffles,3,2,2
423,What do you call a camel in Alaska?,Lost.,2,6,10
424,What did aged mother cheddar say to her son the day of school photos?,Looking sharp.,7,1,1
425,Two balloons are floating across the desert One balloon says to the other,Look out for the cactussssssssssssssssssss!,8,8,3
426,How do you find Will Smith in the snow?,Look for the fresh prints.,10,8,4
427,What does a baker wear on his feet?,Loafers.,9,2,8
428,What do dwarves use to cut their pizza?,Little Caesars,7,7,2
429,What did they call the Pillsbury Doughboy after he hurt his leg?,Limp Biscuit,2,1,4
430,My brother...,Likes driving black and white F1 race cars. They call him the F1 racist.,3,8,8
431,What's George Washington's least favorite flower?,Li[e]-lacs!,6,8,3
432,Which letter of the alphabet is the laziest?,letter G (lethargy),9,10,1
433,What did the 0 say to the 8?,Let's make a snowman!,5,8,9
434,What did the creepy scientist say to his new creepy wife?,Let's grow MOLD together!,6,4,9
435,What did the priest say when watering his garden?,Let us spray.,4,3,4
436,What do you call a cow with 2 legs?,Lean beef.,1,3,6
437,What do you call a cow with only two legs?,Lean Beef!,8,6,2
438,What do lawyers wear to court?,Lawsuits.,9,2,10
439,What do lawyers wear to court?,Law suits!,2,3,5
440,What is a rocket's favorite meal?,Launch! Another one from my 9 year old.,10,7,4
441,What is an astronaut's favorite meal?,Launch,5,9,1
442,What do you call a plastic sheep?,Lambinated!,4,5,9
443,What's a comedian's favorite candy?,Laffy Taffy.,9,2,2
444,What do you call it when someone resuscitates a person who chokes on alcohol?,La chaim-lich maneuver.,2,9,9
445,What city loves to eat sandwiches?,Koldcutta,1,2,1
446,Kind of a kid joke What kind of cereal do zombies like?,Kellog's All Brain,10,4,4
447,If you ever get cold,just stand in the corner of a room for a while. *They're normally around 90 degrees.*,6,2,6
448,What did the neutrino say to the planet?,Just passing through,4,6,2
449,How can you tell that a straight pin is confused?,Just look at it. It's headed in one direction and pointed in the other.,6,9,2
450,What does batman take in his whiskey?,Just ice.,10,8,4
451,HELP! We need your best joke you have! We will choose the best joke and make a video of it,just for you!,8,1,6
452,How many Super Saiyans does it take to change a lightbulb?,Just 1 but it will take 3 episodes.,8,3,7
453,Have you heard about the 2 Spanish firemen?,Jose and hose B,6,2,7
454,what did the mexican firecheif name his kids...,Jose and Hose B,3,8,4
455,Wanna hear two short jokes and a long joke?,Joke joke jooooke!,8,6,1
456,What celebrity never payed with a cheque or credit?,Johnny Cash.,7,6,9
457,What does Captain Kirk wear to the fitness center?,Jim shorts.,3,10,9
458,Where do pots go on vacation?,JaPAN! From my 9 year old.,4,6,7
459,What do you call a nosey pepper?,Jalapeno Business,7,3,1
460,I just got a job helping a one arm typist do capital letters...,Its shift work.,2,9,1
461,I fear for the calendar,its days are numbered.,2,2,10
462,What is the last thing to go through a fly's mind when it hits a windshield?,Its butt.,2,2,1
463,What do fish think about air?,It's UN-B-REATHABLE!,9,8,3
464,Did you hear they're republishing that Simple Mathematics study guide?,It's the revised edition. (Revise Addition),4,7,2
465,No matter how much you push the envelope,it's still stationery.,9,6,4
466,I like camping but...,it's so in tents,10,9,3
467,Why is a shooting star better than a hamburger?,It's meteor.,2,10,1
468,Heard the one about the corduroy pillowcase?,It's making headlines.,6,6,2
469,I think I want a job cleaning mirrors,it's just something I can see myself doing.,4,5,3
470,I'm reading a book about anti-gravity,It's impossible to put down,9,2,10
471,Did you hear that H.P. Lovecraft wrote a cookbook?,It's called the Necronomnomnomicon.,5,3,10
472,Have you heard about the Black Magic book for orphans?,It's called the necro**mom**icon,4,1,5
473,When German children play a game involving touching each other with bread...,it's called gluten tag. I'll show myself out.,3,5,3
474,I'm not really sure I'm understanding this financial crisis in Greece...,It's all Greek to me.,2,10,10
475,Every single morning I get hit by the same bike...,It's a vicious cycle.,6,6,3
476,How many hipsters does it take to change a lightbulb?,It's a really obscure number. You've probably never heard of it.,10,10,10
477,What do you call a penguin with a smoking problem?,It's a puffin!,9,3,3
478,How can you tell if a hamburger was grilled in space?,It's a little meteor.,3,1,1
479,Define Will Isn't it obvious?,It's a dead giveaway!,8,1,9
480,What was wrong with the wooden car?,It wooden go.,6,8,9
481,I farted on an elevator,it was wrong on so many levels. From /r/PeterL,1,8,7
482,Do you know why the bike couldnt stand by itself?,It was TWO TIRED!!!,1,10,2
483,I saw an all frog production of Frozen yesterday...,It was toad-aly cool!,10,3,4
484,I made half a cup of tea the other day...,It was so nice I had two.,6,8,8
485,I saw a documentary on how they make jeans...,It was riveting.,8,6,3
486,What happened when the man couldn't afford the mortgage on his haunted house?,it was repossessed!,9,7,2
487,Did you hear about what happened with the elk?,It was really amoosing.,1,1,1
488,I had a conversation with a Mobius strip...,It was one-sided.,7,9,1
489,bad scary film I was watching a really poorly done scary movie last night,it was horrorble.,6,9,9
490,I went to a shredded cheese convention the other day...,it was grate,3,8,9
491,Why did the superhero make a lot of shredded cheese?,It was for the grater good.,3,1,9
492,Why did the fox cross the road?,It was chassing after the chicken!,6,8,2
493,Did you hear about the man who was accidentally buried alive?,It was a grave mistake. Woohoo! I'm making these up!!,9,4,10
494,How does a plant walk?,It uses a plant stand.,4,1,7
495,Did ya hear about the magic tractor?,It turned into a field,7,3,10
496,What happened to the runny nose...,it tripped and fell. Now it's all boogered up.,1,5,2
497,I came up with a joke about my old cell phone Nevermind,it tends to get terrible reception,2,8,9
498,Why are giraffes slow to apologize?,It takes them a long time to swallow their pride,7,2,2
499,Why don't blind people like to go skydiving?,It scares their seeing-eye dog.,10,8,7
500,Why don't blind people like skydiving?,It scares the crap out of the dog.,1,9,6
501,Why was the burrito embarrassed?,It saw the salad dressing.,9,6,5
502,I read a story about a kid that ate 4 cans of alphabet soup in one sitting...,It said that he later had a massive vowel movement. Maybe a dirty joke.,1,8,6
503,Ever heard about that movie called Constipation?,It never came out.,5,6,7
504,Why did the library book go to the doctor?,It needed to be checked out; it had a bloated appendix.,4,10,3
505,Why did the pie go to the dentist?,It needed a filling.,7,2,8
506,Why do ghosts like to ride elevators?,It lifts their spirits.,4,1,2
507,Why did the wave fail the driving test?,It kept crashing on the beach.,2,8,6
508,Why was the math book sad?,It had a lot of problems,6,1,9
509,Why did the tissue get up and dance?,It had a little boogy in it.,7,2,9
510,What happens to a frog's car when it breaks down?,It gets toad away.,2,10,9
511,What does a nosey pepper do?,It gets jalapeno business.,4,3,8
512,What happens at night in Bangladesh?,It gets Dhaka,5,8,8
513,Did you hear about the two silk worms that got in a fight?,It ended in a tie.,9,7,6
514,Two artists had an art contest...,It ended in a draw,3,1,5
515,Two artists had an art contest...,It ended in a draw,1,2,10
516,Why did the knife quit?,It couldn't CUT IT! woohoo! I made this one up while sitting at a buffet table. Enjoy! ~Skip,9,6,3
517,Why was the hula hoop a great boxer?,It could go round for round.,3,6,3
518,After watching a strongman competition...,it amazed me to see how much the human body can lift without pooing itself.,3,10,6
519,The reason angels can fly,is that they take themselves lightly. **G. K. Chesterton**,1,3,5
520,A farmer in (x-town) who rolled over a cart of horse manure...,Is reported in stable condition.,7,2,2
521,What do you call a pachyderm that doesn't matter?,Irrelephant.,8,8,10
522,What is irony?,Irony is when something has the chemical symbol Fe.,2,10,8
523,What do you call a alligator in a vest?,Investigator.,7,9,4
524,How did the burglar get into the house?,Intruder window,3,3,8
525,Where did Napoleon Bonaparte keep his armies?,In his sleevies.,8,2,1
526,Where does the General keep his armies?,In his sleevies.,3,4,7
527,Where did Napoleon keep his armies?,In his sleevies!,8,9,6
528,Where did the general keep his armies?,In his sleevies!,5,1,4
529,How did Hitler tie his shoelaces?,In cute little knotsies!,8,6,9
530,Why should you always bring 2 pair of trousers when golfing?,In case you get a hole in one.,4,6,1
531,I would never exaggerate,in a million years.,9,2,7
532,Where do rabbits like to eat breakfast?,IHOP!,10,6,7
533,How does a penguin build its house?,Igloos it together!,4,6,8
534,Why does a chicken coupe only have two doors?,If it had four it'd be a chicken sedan!,3,8,9
535,I believe a lot of conflict in the Wild West could have been avoided completely,if cowboy architects had just made their towns big enough for everyone.,10,7,3
536,What's a reporter's favorite food?,Ice cream because they always want a scoop!,8,10,1
537,What did one wall say to the other wall?,I`ll meet you at the corner.,1,8,10
538,Wanna hear a construction joke?,I'm working on it.,7,7,5
539,I support farming and math...,I'm pro-tractor.,3,9,10
540,What did the owner of a brownie factory say when his factory caught fire?,I'm getting the fudge outta here!,1,3,6
541,What did the slab of meat say when it was covered in salt and left out to dry?,I'm cured!,6,10,4
542,What did one dry erase marker say to the other?,I'm bored! (As in board) Another one from my 9 year-old.,2,9,2
543,Like most people my age...,I'm 27.,10,4,10
544,How do you keep an idiot in suspense?,I'll tell you later.,6,10,5
545,What did the Estonian student say in language class?,I'll never Finnish. *dodges tomato*,9,5,6
546,What did the Pelican say to the fish when he was running late for work?,I'll catch you later!,10,8,10
547,What did Arnold Schwarzenegger say upon being asked to star in a Broadway production about the world's greatest composers?,I'll be Bach. Sorry.,5,7,5
548,Did you hear the joke about the fast car?,I would tell you but I think you're too slow to get it.,10,5,6
549,What did the pebble say to the rock?,I wish I was a little boulder!,8,8,1
550,A WWII Joke! What did the German Shepherd say at his Nuremberg trial?,I was just following odors.,6,5,7
551,What did the picture say to the Judge?,I WAS FRAMED! I just now made that up. I feel good about this one! ~Skip,10,10,6
552,What did Descartes say while shopping online?,I think therefore I Amazon,2,9,9
553,I'm tired of people calling America the dumbest country in the world Quite frankly,I think Europe is!,5,4,10
554,I am not pro gay. I am not even amateur gay. But,I support their rights.,3,2,3
555,My girlfriend told me she was leaving me because I keep pretending to be a Transformer...,I said wait! I can change!,7,2,3
556,I went for a job interview today... The interviewer said to me... What would you say your greatest weakness is?,I said I think Id have to say my listening skills are my greatest strength.,6,3,10
557,My first joke here and an original! Did you hear about the two lawyers who set up shop under the old oak tree?,I heard it was a pretty shady business.,9,9,3
558,There's a guy at the office today wearing full camo. At least I think so...,I haven't seen him in a while.,7,1,5
559,My girl asks why I love chocolate so much. Well,I have several Reisens...,2,10,3
560,My dog chewed up my laptop...,I guess he wanted a byte to eat! ^imagine ^this ^in ^zoidberg's ^voice,2,3,5
561,I used to work at an orange juice factory...,I ended up getting fired because I couldn't concentrate.,2,9,2
562,I'm good friends with 25 letters of the alphabet...,I don't know why.,10,9,8
563,I bought some shoes from a drug dealer,I don't know what he laced them with but I have been tripping all day. --My amazing girlfriend told me this one,7,6,7
564,what did socrates learn from the T-rex?,i dino,5,3,6
565,I once ate a watch. It was time consuming,I didn't go back for seconds.,9,10,9
566,I'm reading a book about anti-gravity. ,I can't put it down.,9,8,9
567,What did the floor say to the desk?,I can see your drawers!,2,5,8
568,I love when I have dramatic realizations over my morning cereal,I call 'em breakfast epiphanies,8,2,10
569,What did Sean Connery say when his books fell on his head?,I blame my shelf,1,5,1
570,When I grow old,I am sure I will look back at my life and say aaaah! my neck hurts,4,2,10
571,What did the space between two tiles say?,I AM GROUT,9,10,7
572,What do you call a noisy Chinese dog?,How-Ling (my dad wanted me to post this),5,8,2
573,I still remember what my grandpa said before he kicked the bucket...,How far do you think I can kick this bucket?,7,6,7
574,Two fish in a tank. [x-post from r/Jokes] One asks,How do you drive this thing?,2,9,1
575,What's faster hot or cold?,Hot! Because anyone can catch a cold! buh duh tsst,1,3,1
576,the only one of its kind on this sub Want to hear a dirty joke?,horse fell in the mud!,10,3,2
577,What do beef hearts smell like?,Honey.,2,6,2
578,Where did the mistletoe go to become rich and famous?,Hollywood.,2,10,6
579,What language do they speak in Holland?,Hollandaise.,8,7,7
580,How do you know it's time to go to bed?,Hitler is raping you!,9,10,9
581,What other body parts did Voldemort not have apart from his nose?,His legs and arms.. because he was disarmed and defeated.,8,2,6
582,What did the 0 say to the 8?,Hey,9,1,4
583,Who invented fractions?,Henry the 1/8,9,3,4
584,What did the horse say when he fell over?,Help! I've fallen and I can't giddy up.,3,9,2
585,What kind of beer does a cow brew?,Heifer-weizen.,1,4,3
586,Why does Thor have insomnia?,He's up all night to get Loki.,4,7,7
587,Why doesn't the sun need to go to University?,He's too bright.,5,3,8
588,Why is Dr. Frankenstein never lonely?,He's good at making friends.,5,3,1
589,How does the Mummy plan to destroy Superman?,He's gonna lure him in to the crypt tonight.,1,7,2
590,Did you hear about the guy who invented a knife that can cut four loaves of bread at once?,He's calling it the Four Loaf Cleaver.,4,7,8
591,Did you hear about the mathematician who hated negative numbers?,He'll stop at nothing to avoid them!,10,10,7
592,Did you hear the one about the constipated mathematician?,He worked his problem out with a pencil.,7,10,7
593,Wise man once say...,He who runs in front of car will get tired. He who runs behind car will get exhausted.,5,5,2
594,Why didn't the bicycle cross the road?,he was two-tired...,8,2,6
595,Why did the hippie drown?,He was too *far out*!,8,2,5
596,Why did the boy take a pencil and paper to bed?,He was told to draw the curtains before going to sleep.,2,10,5
597,Why did the girltree fall in love with the boy tree?,He was sappy,3,4,4
598,Did you hear about the lawyer for U2?,He was Pro-Bono,5,6,2
599,Why did the scarecrow win the Nobel prize?,He was outstanding in his field.,9,8,5
600,Why was the healthy potato not allowed on the plane?,He was on the No Fry list.,10,1,3
601,How did the metal get the wrong idea?,He was misled.,7,6,1
602,What happened to the tyrannical fruit?,He was impeached!,1,9,1
603,Why did the rabbit go to rehab?,He was hopped up on easter eggs.,1,1,3
604,Did you hear about the neutron who was arrested?,He was held without charge.,1,2,10
605,How did the desk lamp store manager feel when thieves stole all his lightbulbs?,He was delighted.,1,10,9
606,How did the firefly feel when he flew into the fan?,He was de-lighted,1,8,4
607,Why couldn't the pony sing?,He was a little horse.,8,6,4
608,What was Dr Frankenstein's second job?,He was a body-builder,3,2,10
609,Why does the dog go to the gym?,He wants to get ruff,4,9,7
610,Why did the buddhist refuse novocaine when he went to get a tooth pulled?,He wanted to transcend dental medication.,8,5,6
611,Why did the boy throw a clock out the window?,He wanted to see time fly.,1,9,6
612,Why did the man throw his watch out the window?,He wanted to see time fly!,4,3,7
613,Why did the boy take a ladder to school?,He wanted to go to high school.,6,4,7
614,Why did the chef invest in chicken and cow bones?,He wanted to buy stock options.,7,7,3
615,What does Mario use to get his hot dogs off the grill?,He uses his Donkey Tongs.,5,1,3
616,How does a cactus do his math homework?,He uses a cacti-lator!,8,7,8
617,Have you heard the one about the agnostic with dyslexia and insomnia?,He tossed and turned all night wondering if there was a dog,3,3,4
618,I saw a middle aged man staring at a picture of his very first steps. With tears in his eyes,he told me he regrets ever replacing the steps with an elevator.,5,2,5
619,There was a depressed sausage...,he thought his life was THE WURST.,7,3,10
620,How much did the pirate charge for corn?,He sold them for a buccaneer.,9,7,1
621,A man walks into a bar...,He says Ow,9,4,9
622,What was the allergic 2X4's terrifying hallucination?,He sawdust.,1,9,1
623,Why did the jellyroll?,He saw the apple turnover.,10,10,8
624,My brother said he's incontinent. Yeah,he said he's wet his pants in nearly every nation in the world.,8,8,2
625,Why was the actor detained by airport security?,He said he was in town to shoot a pilot.,10,4,7
626,Did you hear about the Italian chef that died?,He pasta way.,7,5,2
627,Why didn't the Duke of Windsor let his French servant help him tie his tie?,He never does it with a four-in (foreign)-hand.,5,3,6
628,Why did the chess master order a Russian bride?,He needed a Chech mate!,10,6,6
629,Did you hear about the French chef who committed suicide?,He lost the huile d'olive,5,3,2
630,Why did the banker leave his job?,he lost interest,9,3,9
631,Why did the twinkie go to the dentist?,He lost his filling!,4,4,1
632,Why do Hutus hate Dustin Hoffman?,He impersonated a Tootsie.,3,6,3
633,What happened to the ghost who couldn't scare?,He had to join a support group since he couldn't handle his boos.,8,3,8
634,Why did the puppy get away with committing murder?,He had paws-able deniability.,5,5,5
635,Did you hear about the skeleton who didn't go to prom?,He had no body to go with.,3,3,2
636,Why did the skeleton not attend prom?,He had no body to go with.,4,4,3
637,Why didn't the skeleton go to the party?,He had no *body* to go with,10,8,6
638,Why couldn't the alligator satisfy his lover?,He had a reptile dysfunction.,6,8,9
639,Did you hear about Scrooge's drinking problem?,He had a dickens of a time with spirits.,5,5,10
640,Why was the panda crying?,He had a bambooboo. Aonther one from my 9 year old.,10,2,8
641,Why was the apricot late to the party?,He got stuck in a jam.,4,1,10
642,What happened to the tyrannical peach?,He got impeached!,4,6,9
643,Why was the rooster happy after his trip to Vegas?,He got clucky.,6,3,1
644,Did you hear about the butcher who backed into the meat grinder?,He got a little behind in his work.,8,9,8
645,What happened to the butched after he backed into the meat grinder?,he got a little behind in his work,2,7,7
646,Why did the elephant turn around in the airport and go home?,He forgot to pack his trunk.,6,5,4
647,How did the geologist develop a career as an expert in sinkholes?,He fell into it.,3,7,6
648,Why did the grocery delivery guy get fired?,He drove people bananas!,9,4,9
649,Why did Trump insist on Hillary Clinton as Secretary of state?,He doesn't believe women should get above secretary,4,10,5
650,A frog decided to trace his genealogy one day...,He discovered he was a tad Polish.,3,1,9
651,Why did peanut butter flop at the talent show?,He didn't have the right jam.,3,9,2
652,Why didn't the fisherman go to Florida to fish for long jawed fish with rows of razor like teeth?,He didn't have a Gar,6,1,9
653,My plumber finally quit on me...,He couldn't take any more of my crap. Sorry that this isn't a CLEAN joke. Heh,3,2,2
654,Did you hear about the schizophrenic accounts manager?,He couldn't help but hear invoices inside his head.,8,3,4
655,Why was the Headless Horseman depressed?,He could never seem to get ahead in life.,7,7,1
656,Why was Pavlov's hair so soft?,He conditioned it.,1,4,9
657,How did the musician catch his fish?,He castanet,10,2,5
658,Why should you never invite a boxer to a party?,He always throws the punch.,4,9,3
659,Why were the breakfast potatoes running around hitting each other?,HashTag!,1,5,6
660,What did the butcher say when he handed his customer an empty pack of hotdogs on halloween?,Happy halloweenie,2,9,9
661,What do you call the Hamburglar's accomplice?,hamburglar helpler,2,5,7
662,What do you get when you cross the Atlantic with the Titanic?,Halfway.,9,4,10
663,What has two arms and 14 legs?,Guy who collects legs.,4,8,2
664,What do you call a group of security guards in front of a Samsung store?,Guardians of the Galaxy.,2,7,7
665,What do you call security guards working outside Samsung shops?,Guardians of the Galaxy,2,6,4
666,What do you call a cow with no legs?,Ground beef.,2,4,1
667,What do you call a cow with no legs?,Ground beef.,1,10,2
668,What do you call a cow with no legs?,Ground beef.,9,4,1
669,What do you call a cow with no legs?,Ground beef!,6,7,2
670,What do you call a cow with no legs?,Ground beef!,6,9,8
671,I said bring your coffee maker whenever you want Them,great headphones on planes is heavier than flying over TEAs,4,9,5
672,What do vegan zombies eat?,GRAAAIIINSSS!,5,8,7
673,What do vegan zombies eat?,GRAAAAINS,2,4,8
674,What do vegan zombies eat?,Graaaaains!,3,2,9
675,What's Medusa's favorite kind of cheese?,Gorgonzola.,1,4,6
676,How did the aquarium win the battle?,Giant Fish Tanks.,2,4,9
677,What does a nosey pepper do?,Gets jalapeno business!,3,6,3
678,What did batman say to robin before robin got in the car?,get in the car,6,9,4
679,What do Egyptians do when their mass transit breaks down?,Get Anubis.,10,10,9
680,This summer I'm going to go to the beach and bury metal objects that say,Get a life' on them. Demetri Martin,9,10,1
681,How many goals did Germany score?,gerMANY,7,5,7
682,What do you call a fish with no eye?,fsh,10,5,3
683,Which day do chickens fear most?,Fryday.,6,2,10
684,Why did the bald man draw rabbits all over his head?,From a distance they look like hares!,6,1,1
685,What song can never be played on #throwback Thursday?,Friday by Rebecca Black,1,10,4
686,What side dish do frogs like to enjoy with their hamburgers?,French Flies!,8,2,3
687,I like my slaves like I like my coffee,Free.,6,3,10
688,What did the hot dogs name their child?,Frank,10,9,7
689,What is tuba plus tuba?,Fourba!,5,1,6
690,How many golfers does it take to change a light bulb?,FOUR!,8,10,1
691,Why was the chicken kicked out of class?,For using *fowl* language.,1,7,1
692,Why do they make Raisin Bran commercials?,For raisin bran awareness.,2,2,10
693,I'm naming my TV remote Waldo,for obvious reasons.,6,7,1
694,Why does Snoop Dogg use an umbrella?,For Drizzle,6,6,9
695,Why does a rapper need an umbrella?,Fo' drizzle.,9,2,4
696,Why does Snoop Dog carry and umbrella?,Fo-Drizzle,7,10,10
697,What kind of jackets do Audiophiles wear?,FLAC jackets,4,10,7
698,What do you call an Italian romance novel model who's let himself go?,Flabio,3,8,10
699,What do sea monsters eat?,Fish and ships.,9,2,4
700,What did the mom say to her son when he said he didn't want any of her flippin' pancakes?,Fine. They will just be burnt on one side.,10,1,4
701,My dog used to chase people on a bike a lot. It got so bad,finally I had to take his bike away.,9,10,3
702,What do you call a Moroccan candy distributor?,Fez dispenser.,2,2,6
703,What do you call a truthful piece of paper?,Fax.,5,2,5
704,What do the French call artificial feet for cats?,Faux Paws,10,5,10
705,A man walks into an apple store and...,farts every one is really angry and there all shouting so he says it's not my fault you don't have windows,1,6,3
706,What do you call a social media platform designed for religious people who also have speech impediments?,Faithbook,4,4,7
707,What do you call it when Google Glass connects to the internet?,Eye-fi.,1,3,3
708,How does Han Solo like to get around Endor?,Ewoks,2,5,2
709,Where did Sally go after the explosion?,Everywhere.,8,5,1
710,What's gray and all around?,Everything. I'm a dog.,8,3,6
711,Why did everyone trust the marsupial?,Everything he said was troo,8,10,8
712,Why couldn't the melons be together?,Everyone knows melons cantaloupe.,2,3,7
713,Just went to an emotional wedding,Even the cake was in tiers.,5,8,10
714,What do you get when you cross an elephant and a rhino?,ell if I know wot to call it!,3,4,4
715,What do you call a pachyderm that sings jazz?,Elephants Gerald,7,4,8
716,What type of school did Sherlock Holmes go to?,Elementary,6,8,6
717,What do you call a woman with one leg?,Eileen,6,1,6
718,What do you call Protestants who want to save a dime?,Econoclasts.,3,9,10
719,How does the man in the moon cut his hair?,Eclipse it.,7,1,3
720,What do caves have?,Echosystems. From my 9 year-old.,7,3,4
721,What's brown and sounds like a bell?,Dung.,8,5,4
722,In what town lives the mathematician who can only multiply by two?,Dublin.,2,5,2
723,What's brown and rhymes with Snoop?,Dr. Dre,8,5,10
724,Whats brown and rhymes with snoop?,Dr. Dre,5,8,5
725,whats brown and rhymes with snoop?,Dr Dre,3,8,2
726,What do you call a one-eyed dinosaur?,Doyouthinkhesarus (Credit goes to whoever submitted that to the Coffee News),10,8,10
727,Knock knock. Who's there?,Doorbell technician.,9,2,1
728,Just wrote a book on reverse psychology...,Don't read it!,7,1,1
729,What did the traffic light say to the car?,Don't look at me I'm changing.,6,5,8
730,What did one math book say to the other?,Don't bother me; I've got my own *problems!*,9,10,7
731,What do you call a dog with no legs?,Don't bother he's not coming.,2,9,4
732,What are caterpillars afraid of?,DOGerpillars!,5,10,3
733,What did the host serve his guests for The Simpsons marathon night?,Disco Stew!,10,5,8
734,What the plate say to the other plate?,Dinners on me,4,1,1
735,Whats Marios favorite type of jeans?,denim denim denim!,4,5,2
736,What kind of pants does Super Mario wear?,Denim Denim Denim,6,8,5
737,What state do most people live in?,Denial. Myself included.,10,6,1
738,What did the cow say when it saw the farmer twice in one day?,Deja Moo!,2,6,5
739,What do you call the James Brown songs no one listens to?,Defunct funk.,3,7,7
740,What is Mozart doing right now?,Decomposing,4,6,1
741,What do you call a cow that just gave birth?,Decaffeinated,5,1,2
742,What's an oven's favorite comedy routine?,Deadpan.,4,9,9
743,What did fish say when she hit the wall ?,Dam(n) !!!,5,9,9
744,What did the fish say when it hit the wall?,Dam.,7,1,10
745,What did the fish say when it swam into the wall?,Dam.,5,2,1
746,What did the fish say when it hit the concrete wall?,Dam,2,5,10
747,What did the fish say when it hit the wall?,Dam,1,4,6
748,What did the fish say when it ran into the wall?,Dam,10,2,5
749,What do you call an arcade in eastern europe?,czech-e-cheese,10,4,6
750,What do you call two guys above a window?,Curt 'n Rod,10,6,8
751,What did the Tin Man say when he got run over by a steamroller?,Curses! Foil again!,1,10,2
752,What did the Tin Man say when he got run over by a steamroller?,Curses! Foil again!,6,8,7
753,What do you call the delivery boy at an Indian restaurant?,Curry-er.,9,5,2
754,Can you tell me what you call a person from Corsica?,Course a can.,2,5,1
755,What do you call people who pretend to be Irish on St. Patrick's Day?,Counterfitz,5,7,4
756,What was Carl Sagan's favorite drink?,Cosmos.,2,8,2
757,Why don't bears wear boots?,Cos they like to walk around in their bear feet.,9,2,1
758,Why do gorillas have such big nostrils?,Cos they got big fingers.,7,7,3
759,What do you call it when your wife brings you rice porridge in prison?,Congee-gal visit,1,6,3
760,More retailers should adopt the Leave A Penny / Take A Penny system. It is literally,common cents.,3,9,1
761,What's an atheist's favorite Christmas movie?,Coincidence on 34th Street,3,2,2
762,What do you call a chicken crossed with a cow?,Cock-a-doodle-moo!,8,6,6
763,What does Drew Carey have in his driveway?,Cleveland Rocks!,6,7,7
764,why was Pavlov's hair so soft?,classical conditioning.,4,5,10
765,What happens when a spoon and fork get into a fight?,civilwar,8,9,6
766,What do you call it when Batman skips church?,Christian Bale.,9,7,4
767,What do you call Batman skipping church?,Christian Bail.,1,5,3
768,What do you call a productive Asian?,China get something done.,9,2,2
769,What do you call an old fruit-picker in Wisconsin?,Cherry-atric,1,7,7
770,Breaking news! Energizer Bunny arrested,charged with battery.,3,6,10
771,What did the horse order at the bar?,Chardaneiiiiiiggghhhhh,7,8,8
772,What was the car doing in the dressing room?,Changing attire.,5,8,6
773,You've got to really be careful when ingesting shoes...,cause they're usually laced,2,6,4
774,Why does the Pope only eat munchkins?,Cause they're the holy part of the donut!,4,1,3
775,You know why ancient Greek children were always getting lost from their parents?,Cause they kept Roman around!,9,2,9
776,Why did the Spy cross the road?,Cause he wasn't really on your side.,2,10,10
777,What cars do cows drive?,Cattleacs,7,6,9
778,What do you get when you cross Kansas with a vulture?,Carrion my wayward son,2,8,4
779,What's the loudest economic system?,CAPITALISM,8,1,3
780,What do you call an antelope that wants a big wedding?,Cantelope,8,8,7
781,What fruit do Romeo and Juliet eat?,Cantelope,5,9,8
782,What type of melon would Romeo and Juliet have been?,Cantaloupe.,1,9,1
783,What cheese do you use to get a bear out of a tree?,Camembert!,3,4,7
784,Have you been injured in a car accident?,call 555-bottom-feeders. We will do anything for money.,8,6,5
785,What do you call an Egyptian bone-setter?,Cairo-practor.,2,6,6
786,You can tune a guitar...,but you can't tuna fish!,7,10,1
787,Two wrongs don't make a right...,but three lefts make a right. And two Wrights make a plane 6 lefts make a plane.,4,6,4
788,I would make a sparrow joke...,But they don't fly very well.,6,4,4
789,I thought about starting a business selling halos,but the cost of overheads was too high.,1,10,2
790,Words can't possibly describe how beautiful you are...,But numbers can 4/10,1,9,10
791,Accidental Seafood I tried dolphin once...,but not on porpoise.,10,7,5
792,I have a lot of jokes about the unemployed,but none of them work.,3,7,10
793,I wanted to put a pizza joke here ...,but it was too saucy.,8,7,8
794,"I took the shell off a snail yesterday, you'd think it would move faster...",but it was really kinda sluggish.,6,10,4
795,My uncle wanted to give all his sheep a sex change...,But it entailed too many ramifications!,2,8,1
796,My friend told an out of place joke about police searches.,But I don't think it was warranted.,5,9,2
797,Im trying to get into classical music,but I cant find any original recordings. All the music is performed by cover bands.,4,3,1
798,There once was a jealous zombie...,But he ate his heart out.,4,7,9
799,A police officer bought a robot this robot was fueled by sodium and alkaline,but could only hold enough for 24 hours at a time. so every morning he had to charge it with a salt and battery.,2,3,7
800,What is invisible and smells like carrots?,Bunny Farts.,5,8,4
801,What's invisible and smells like carrots?,Bunny farts.,9,4,1
802,What do you call thrusting a hairy rod in and out of your mouth really fast then afterwards spitting out a white liquid?,Brushing your teeth,6,4,5
803,What do you call it when you dip poultry and beef in chocolate?,Brown-chichen-Brown-cow,5,2,3
804,What did the green grape say to the purple grape?,Breathe you idiot! Breathe!,8,6,10
805,What do you call a loaf baked in a zoo?,Bread in captivity.,5,7,2
806,What kind of bees make milk?,Boobies.,8,10,3
807,What kind of jeans do ghosts wear?,Boo Jeans,5,10,5
808,What is Captain Ahab's favorite reggae band?,Bob Marley and The Whalers!,5,5,9
809,Whats blue and smells like red paint?,Blue paint,2,3,6
810,Whats blue and smells like red paint?,Blue paint,9,10,2
811,What did the buffalo say to his son when he left for college?,Bison,9,2,4
812,What did the Buffalo say when his child left for college?,Bison,1,5,8
813,What did the dad buffalo say when his offspring left for college?,Bison,6,7,7
814,Have you heard what I think of windmills?,Big Fan.,6,7,2
815,What is robot jazz called?,Beep Boop Bop!,2,3,3
816,What do you call a cow with a twitch?,Beef jerky,3,3,1
817,Why do fish always sing off key?,Because you can't tune a fish. Say it outloud if you don't get it. I made this one up in first grade IIRC.,8,10,4
818,Why didn't Silento knock before coming inside?,Because you already know who it's isss! My little sister told me this joke.,2,3,5
819,Why don't tennis players get married?,Because to them love means nothing.,6,5,1
820,Why are colds such bad robbers?,Because they're so easy to catch!,2,9,5
821,Cars Why do lazy people only drive automatics?,Because they're shiftless.,10,3,9
822,Why are proteins so cranky?,Because they're made of a mean ol' acids.,3,1,2
823,Why do Jamaican chickens make fun of all the other chickens?,Because they're jerks.,4,10,8
824,Why are jokes about rotten eggs banned?,Because they're infeggtious,5,5,10
825,Why can't you hear it when a pteranodon goes to the bathroom?,Because they're all dead.,2,6,4
826,Why don't you see penguins in Britain?,Because they're afraid of Wales,10,9,10
827,Why are locomotive drivers so good at driving locomotives?,Because they were trained.,8,2,1
828,Why are cats bad storytellers?,Because they only have one *tale*,3,3,7
829,Why don't robots have any brothers anymore?,Because they have trans-sisters.,6,4,3
830,How does a fish always know how much they weigh?,Because they have their own scales!,7,4,5
831,Why do ghosts carry tissues?,Because they have BOOOOgers.,3,10,7
832,Why should you never invest in bakeries?,Because they have a high turnover rate.,5,9,4
833,Why do Gastroenterologists have such a passion for their job?,Because they find the components of one's stomach very intestine.,1,8,9
834,Why don't Bond villains feel cold in the winter?,Because they dress in lairs.,8,7,3
835,Why do Java developers wear glasses?,Because they don't C#,10,7,9
836,Why would no one listen to the percussion section?,Because they couldn't drum up enough support.,2,5,10
837,Why don't melons ever run away and get married?,Because they cantaloupe!,4,2,3
838,Why do the French like eating snails?,Because they can't stand fast food!,1,1,6
839,How do you know ancient Egyptians loved books so much?,Because they built their stuff with reads!,4,5,6
840,Why should you leery of stairs?,Because they are always up to something.,1,2,3
841,Why do space rocks taste better than earth rocks?,Because they are a little meteor,3,8,9
842,Clean joke about sorority girls Why do sorority girls only travel in odd numbered groups?,Because they *can't even*!,8,10,9
843,Do you know why there's no casinos in Africa?,Because there's too many CHEETAHS!,6,10,1
844,Why should you always knock before opening the refrigerator?,Because there might be an Italian dressing.,4,3,3
845,Why is there very little honey in Belgium?,Because there is only one B in Belgium,5,6,9
846,Why don't you want your nose to be 12 inches long?,because then it would be a foot!,7,1,10
847,Why do zombies always kill at comedy clubs?,Because their jokes are told post-humorously!,6,8,2
848,Why do cows wear bells?,Because their horns don't work.,4,10,5
849,Why are giraffes' necks so long?,Because their heads are so far away from their bodies.,2,1,3
850,Why did the fly fly?,Because the spider spied her.,9,1,1
851,Why can't you hear a pterodactyl go to the bathroom?,Because the P is silent,3,10,3
852,Why can't you hear a pterodactyl in the bathroom ...,because the p is silent,7,8,10
853,Why did the woman buy new wine glasses?,Because the ones she was using made everything blurry.,9,7,6
854,Why did the octopus beat the shark in a fight?,Because the octopus was well armed.,2,8,1
855,Why does a milking stool have only three legs?,Because the cow has the udder!,6,2,1
856,Why did the scale decide that the scam artists were heavier than the novels?,Because the cons outweighed the prose.,5,1,7
857,Why did the dinosaur cross the road?,Because the chicken didn't exist.,6,2,7
858,Why can't you hear a pterodactyl use the restroom?,Because the *p* is silent,5,6,1
859,Why shouldn't you have coffee while on the clock?,Because that would be grounds for termination!,7,6,5
860,Why is Yoda afraid of seven?,Because six seven eight.,3,4,4
861,Why couldn't the woman date a German man?,Because she was Klaustrophobic!,10,9,5
862,Why did the melon try so hard to get her father's approval?,Because she cant-aloupe,4,10,10
863,Why was Cinderella banned from playing sports?,Because she always ran away from the ball &lt;p&gt; My favorite joke since I was little,6,7,7
864,Why do sharks swim in salt water?,Because pepper would make them sneeze!,2,10,6
865,Why can't you hear a pterodactyl urinate?,Because of the silent P.,2,5,7
866,Why did the rap battle champion get the most spacious and accessible seat on the bus?,Because of his dis-ability.,2,6,1
867,Why do abcdefghijklmopqrstuvwxy &amp; z hate hanging out with the letter n?,Because n always has to be the center of attention.,3,1,1
868,Why are manhole covers round?,Because manholes are round.,4,7,10
869,Why are there only two hundred and thirty nine beans in a bowl of bean soup?,Because just one more and it would be two-farty,1,3,7
870,Why do birds fly south for the winter?,because its too far to walk!,9,1,6
871,Why does a Bicycle have a kickstand?,Because it's two tired.,7,6,6
872,Why is it a bad idea to get in a relationship with a statue?,Because it's not going anywhere.,4,3,7
873,Why is Ireland the richest country in the world?,Because it's capital is always Dublin.,5,3,7
874,Why don't you want a turkey at your thanksgiving dinner?,Because it'll gobble up everything.,3,6,2
875,why didn't the bicycle cross the road?,because it was two-tired.,6,3,5
876,Why did the bicycle fall over?,Because it was two-tired,7,9,6
877,Why did the bicycle fall over?,Because it was two tired.,1,4,8
878,why didn't the american leek want to talk to the japanese leek?,because it was negi,3,6,4
879,Why did the coffee file a police report?,Because it was mugged.,1,3,3
880,Why did the chicken soup cross the road?,Because it was down hill!,1,5,1
881,My daughter hit me with this one while preparing for dinner Why did the table love playing volleyball?,Because it was always getting set! I think she gets it from her mother.,4,4,3
882,Why did the packaged green onion get into trouble?,Because it was a wrapped scallion.,2,9,5
883,Why did the SSD burn a flag?,Because it was a Patriot Blaze,7,8,2
884,Why was the school grey?,Because it was a Greyed School. I woke up with this joke in my head this morning. I think my brain is trying to kill me with horrible puns.,4,2,7
885,Why didn't the cargo ship want to leave the bay?,Because it was a freight!,7,9,1
886,Why did the Fall break off from all the other seasons?,Because it wanted autumnomy,5,8,7
887,Why don't blind people skydive?,Because it scares their dogs too much!,4,3,9
888,Why don't blind people like to skydive?,Because it scares the dog.,3,8,7
889,Why was the tomato blushing?,Because it saw the salad dressing.,6,4,10
890,Why was the tomato blushing?,Because it saw the salad dressing!,9,1,10
891,Why did the tomato turned red?,Because it saw the salad dressing,3,1,10
892,Why did tomato blush?,because it saw the salad dressing,4,2,3
893,Why did the paper follow the pencil?,Because it LED THE WAY! I'm on a roll here! this is fun! ~Skip,2,7,1
894,Why was the belt locked up?,Because it held a pair of pants.,4,10,2
895,Do you know why one side of the the V formation of geese in flight is longer than the other side?,Because It has more geese in it!,5,6,2
896,Why did the bullet stay home?,Because it got fired!,7,10,3
897,Why does a chicken coop have two doors?,Because if it had four it would be a chicken sedan!,1,9,5
898,Did I tell you I'm joining a gym in Gainesborough?,Because I'm all about those gains bro,7,10,8
899,Why did the strawberry cry?,Because his mother was in a jam.,8,6,2
900,First original joke! Why did the rapper visit the urologist?,Because his flows were so sick.,10,3,2
901,Why was the Egyptian kid confused?,Because his daddy was a mummy,8,9,1
902,Why couldn't Joe be friends with a double-amputee?,Because he's lack-toes intolerant.,5,5,3
903,Why did the rope get put in timeout?,Because he was very knotty.,6,9,7
904,Why was the egg kicked out of the comedy club?,Because he was telling bad yolks!,9,2,6
905,Why was the scarecrow promoted?,Because he was outstanding in his field!,3,8,5
906,Why was Farmer Bob so good at his job?,Because he was outstanding in his field,9,8,3
907,Why did the melon get married in a church?,Because he was in love with a cantaloupe.,7,1,1
908,Why couldn't Bach pay for his dinner?,Because he was Baroque.,4,2,9
909,Why couldn't the pirate learn the alphabet?,Because he was always lost at C.,4,6,7
910,Why did no one ever consider Tony Stark (the Iron Man) a protagonist?,Because he was always cited as the Anthony hero.,5,3,7
911,Why were the treefrog's stories always so attention grabbing?,Because he was absolutely ribbeting!,1,2,5
912,Why did the dog sleep on the chandelier?,Because he was a light sleeper.,5,3,1
913,Why did the Buddhist monk refuse Novocain?,Because he wanted to transcend dental medication.,3,1,2
914,Why did the mechanic go to art school?,Because he wanted to learn how to make a van go!,9,8,7
915,Why did the lion spit out the clown?,Because he tasted funny.,2,2,7
916,Why did the mortgage broker go out of business?,because he lost interest.,9,2,5
917,Why does not a forth-grader ever take the bus home?,Because he knew his parents will make him return it.,10,5,5
918,Why does Mr. Pencil hate Mr. Pen so much?,Because he is an erascist.,6,5,7
919,Why doesn't the Sun go to college?,Because he has a million of degrees.,6,7,9
920,Why did the bee go to the doctor?,Because he had hives.,7,4,5
921,Why did the vampire use mouthwash?,Because he had bat breath,5,3,2
922,Why did the golfer need to buy a new pair of socks?,Because he got a hole in one!,6,6,3
923,Why was the lobster upset?,Because he found out his friends thought he was a little crabby!,1,4,10
924,Why'd the hipster burn his mouth on his coffee?,Because he drank it before it was cool.,4,10,6
925,Why did the dog go into the water?,Because he didn't want to be a hot dog.,9,7,5
926,Why couldn't the skeleton cross the street?,Because he didn't have the guts!,8,1,6
927,Why did the strawberry go out with the pineapple?,Because he couldn't get a date!,2,10,6
928,Why did the raisin take the prune to the new year's ball?,Because he couldn't find a date!,8,7,3
929,Why did Woodrow Wilson take a long time to turn around?,Because he could only make 14 point turns.,7,3,1
930,Why does Mario hate Punchbug?,Because he bruises like-a Peach!,3,7,7
931,Why do fish live in salt water?,Because *pepper* makes them sneeze!,3,1,4
932,Why don't you want to hang out with a dude from Chicago?,Because 'Illinois you!,10,1,2
933,What do you say to the Montana barista when they overfill your chamomile?,Beautiful,8,4,4
934,I heard she accidentally spilled her chocolate milkshake on her white poodle- -knick knack paddy whack give the dog a...,bath!!!,7,1,3
935,Shout out to,baseball players who have three strikes.,2,10,2
936,What kind of soda do dogs drink?,Barq's Root Beer.,2,1,5
937,Time flies like the wind. Fruit flies like...,bananas!,1,1,9
938,What do you get when you cross a pig and a spider?,Bacon and scrambled leggs.,8,6,4
939,What did one nose say when the other nose said I love you?,Back achoo!,5,7,9
940,Who was the chicken's favorite musician?,BAAAACH BACH BACH BACH,8,1,10
941,What was Beethoven's favorite fruit?,BA-NA-NA-NA!,6,10,7
942,Two drums and a cymbal fall off a cliff...,ba-dum tss,9,6,8
943,How do sailors finish a corny joke on a boat?,Ba dum ship.,8,9,1
944,What did music tell the pancakes?,B flat.,7,2,9
945,What did the corn say when it was complemented?,Aww shucks!,1,8,3
946,What cars do wolves drive?,Auuuuuuuuuuuuudis!,9,9,3
947,What Johnny Mercer song does December 21st remind you of?,Autumn Leaves.,10,6,4
948,What do you call a fear of horned bovines?,Aurochnophobia.,1,8,2
949,What kind of car did the German cowboy purchase?,Audi *tips hat*,7,10,4
950,What do you call two crows?,Attempted murder.,2,4,10
951,Where did the universe attend college?,At the university.,3,8,8
952,Where does the thumb meet its type?,At the SPACE BAR! reddit is fun! I'm staring at the keyboard tryin' to think up a joke and voila'!,8,3,5
953,Where do snowmen dance?,At the snowball!,8,1,9
954,Where does a river keep it's money?,At the bank.,9,1,8
955,A skeleton walks into a bar...,Asks for a beer and a mop.,1,10,3
956,Other uses for chloroform 1) A great conversational piece when talking to the cops about using it 2) Make the day go by faster 3) And finally,as a reagent.,4,4,10
957,Broken pencils,are pointless.,3,6,1
958,One fifth of people,are just too tense!,3,9,8
959,What mysterious hair product does Lucifer use to keep himself looking good?,Arcane-gel!,8,4,6
960,What do you call a stegosaurus with carrots in its ears?,Anything you want to - it can't here you!,8,3,6
961,What kind of dish does LeBron like?,anything with curry in it.,8,2,9
962,Max wondered why the ball was slowly growing larger...,and then it hit him.,10,2,4
963,I went to a seafood disco last week,and pulled a mussel.,8,5,4
964,I just bought a Bonnie Tyler sat-nav. It keeps telling me to turn around,and every now and then it falls apart.,2,5,1
965,What's it called when a planet orbits its sun 8 times?,An orbyte,1,8,1
966,What do you call a fish who works for the government?,An Official.,4,10,9
967,What do you call a barbarian you can't see?,an Invisigoth.,6,1,2
968,What do you call an alligator with a vest?,An Investigator!,4,4,4
969,What do you call an alligator in a vest?,An investigator,5,4,1
970,What have you got if your pet kangaroo gets into molasses and Indian curry?,An Indian goo roo,5,1,8
971,What do you call a fake noodle?,An Impasta,2,9,7
972,What do you call a slice of bread from another country?,An immigraint.,3,2,10
973,What do you call a cavator that isnt a cavator anymore?,an EXcavator,4,5,8
974,What do you call a cashew in space?,An astronut.,4,6,5
975,How much did the skeleton charge for his excellent legal services?,An arm and a leg.,1,2,7
976,what does clark kent have for breakfast?,alter-eggos,1,4,10
977,What did the llama say when asked to a picnic?,Alpaca lunch!,10,10,2
978,Why did Beethoven get rid of his chickens?,All they said was Bach,6,6,10
979,How many apples grow on a tree?,All of them.,9,7,7
980,why was the rabbit promoted to brewmaster?,All his beers had a lot of hops,7,5,10
981,What is a tuna's favorite city?,Albacoreque.,2,6,8
982,How much do pirates pay for earrings?,about a buck an ear.,1,7,5
983,What is the difference between a Siberian husky and an Alaskan husky?,About 1500 miles.,5,6,6
984,Knock knock Who's there?,Abby. Abby who. A bee has stolen my wallet. (I will show my self out),6,7,4
985,Q) What do you call a group of 8 rabbits?,A) Rabbyte!,1,3,4
986,Q)What will you call a person who sleeps next to a close relative?,A) NapKin,4,7,8
987,How did the Pillsbury Dough Boy Die?,A Yeast Infection,2,2,2
988,Wanna hear a dirty joke?,A white horse fell in the mud.,6,3,8
989,Wanna hear a dirty joke?,A white horse fell in a mud puddle.,5,8,4
990,What is agitated buy joyful?,A washing machine,4,6,8
991,What do you call a fly with no wings?,A walk.,10,9,1
992,What's a dog's favorite mode of transportation?,A waggin',9,5,1
993,What do you call a white supremacist who doesn't eat meat?,A vegitaryan,4,7,8
994,What do you call a Jihadist that loves turkey?,A Tryptophanatic.,7,6,1
995,What does a thesaurus eat for breakfast?,A synonym roll.,1,1,7
996,What do you call a dog in a diving bell?,A sub-woofer,6,1,2
997,What's brown and sticky?,A stick.,9,2,3
998,whats brown and sticky?,a stick!,2,9,10
999,What do you call a boomerang that doesn't come back?,A Stick,1,10,8
1000,What's brown and sticky?,A stick,5,9,10
1001,What's brown and sticky?,A stick,7,8,3
1002,Whats brown and sticky?,a stick,1,6,6
1003,What does a Vulcan lawnmower need to function?,A spock plug.,6,2,3
1004,What do you call someone that steals shoes?,A sneaker.,7,8,2
1005,What do you get when you cross a crocodile with a cartridge?,A snapshot.,2,7,2
1006,What do you call a midget psychic that broke out of prison?,A small medium at large!,4,9,6
1007,What do you call a midget psychic who just escaped from prison?,A small medium at large,9,3,3
1008,How much does a truck full of bones weigh?,A skeleTon,5,4,8
1009,What do you call an old soldier who has been sprinkled in salt and pepper?,A seasoned veteran.,1,5,5
1010,What do you call a pile of dogs?,A ruff terrain.,7,3,3
1011,What do you call a very religious person who sleep walks?,A Roman Catholic.,2,6,8
1012,What do you call a number that cant keep still?,A roamin numeral.,7,8,2
1013,How many ears does Captain Picard have?,A right ear. A left ear. And a final front ear.,7,2,6
1014,What do you call a parade of rabbits hopping backwards?,A receding hare-line.,10,2,8
1015,What do you call 99 bunnies walking forward and they take one step backwards?,A receding hare line.,2,4,1
1016,What do you call a spider with no legs?,A raisin,5,6,7
1017,What do you call an animal that goes through your trash and tells great stories?,A raccoonteur.,4,8,1
1018,What does a duck call a tractor?,A quacktor,10,5,2
1019,What di you call a snowman in may?,A puddle!,9,7,2
1020,What do you call a dinosaur FBI agent?,A pteredacted.,8,2,7
1021,What do you call a person who farts in private?,A private tutor,5,9,10
1022,What do you call the ghost of a chicken?,A poultrygeist!,9,5,1
1023,What do you get when you sit on a potato?,A potato wedge! (I made this up when I was 9),9,3,7
1024,What type of doctor prescribes Coke and 7-up for a living?,A Poptometrist!,6,10,1
1025,What's green and fuzzy and can kill you if it falls from a tree?,A pool table.,5,2,4
1026,Who's bad at baseball but fun at parties?,A pitcher filled with margaritas!,9,7,5
1027,What do you call an imaginary color?,A pigment of your imagination.,7,3,4
1028,What kind of bird can write?,A penguin.,3,4,8
1029,What do you call a happy penguin?,A pengrin!,7,1,1
1030,What kind of music does a printer make?,A paper jam.,3,10,10
1031,What lies at the bottom of the ocean and twitches?,A nervous wreck.,3,3,2
1032,What do call a horse that lives near you?,A neighbor (naybor for pessimist horses),7,4,5
1033,What is a vampire's favorite fruit?,a Neck-tarine --From a great co-worker,4,7,8
1034,What do call a horse that lives near you?,A naybor,4,4,6
1035,What kind of bee can never be understood?,A mumble-bee.,2,5,2
1036,What gun do you use to hunt a moose?,A moosecut!,9,7,3
1037,What do you call beef that's been burned?,A mis-steak.,6,10,8
1038,What do you call a cow that doesn't give milk?,A Milk Dud.,1,10,2
1039,What do you call a pile of kittens?,A meowtin,6,7,7
1040,What do you call a big pile of kittens?,A meowtain.,9,1,4
1041,What's grey?,A melted penguin!,4,6,7
1042,What do you call an alien in a swamp?,A MARSHian,10,4,2
1043,What is a martian's favourite chocolate?,A mars bar,4,8,9
1044,What do you call a race ran by female horses?,A mare-a-thon.,9,5,3
1045,What do you call a Mexican with crazy intentions?,A locomotive!,4,1,10
1046,What do you call an economist at an amusement park who is just sitting around?,A lazy fair goer!,3,10,9
1047,What kind of dog can do magic tricks?,A labracadabrador.,10,7,3
1048,What did the American call Karl Marx when a shrine was dedicated to him in Japan?,A Kami.,2,4,8
1049,What do you call the object Attila the Hun uses to brush his leg hair?,A Hun knee comb.,9,5,5
1050,What kind of bee will not take credit for his contributions?,A Humblebee.,7,4,4
1051,What do you call a vegetarian?,A hopeless romaine-tic,2,5,2
1052,What do you call a bug that can't talk?,A hoarse fly.,2,4,5
1053,What kind of house does a stoned loaf of bread live in?,A high rise,3,4,2
1054,What form of radiation bakes you cookies?,A gramma ray,3,3,5
1055,What's worse than a centipede with sore feet?,A giraffe with a sore throat,3,7,7
1056,What do you call a group of Geometry classes?,A geomeforest.,2,2,1
1057,What do you call a fish with no eyes?,A fsh,9,2,1
1058,What do you call a fat psychic?,A four chin teller.,2,2,3
1059,What do you call an obese psychic that works at a bank?,A four chin teller,2,10,2
1060,What do you call a dead fly?,a flew,7,5,5
1061,What do you get when you drop a piano down a mineshaft?,A flat miner.,2,3,5
1062,What do you get when you cross a firecracker and a duck?,A firequacker.,3,5,3
1063,What do you call a group of people standing in the arctic circle?,A Finnish line.,1,6,2
1064,What do you call someone who serves smelly drinks?,a Fartender,4,4,7
1065,What do you get when you mix Michael Jordan with Donald Trump?,A Dunkin' Donut.,2,4,1
1066,What do you get for the women who has everything?,"A divorce, then she'll only have half of everything.",1,5,2
1067,What gets longer the more you cut it at both ends?,A ditch.,6,4,7
1068,What do you call a sleeping dinosaur?,A dino-snore.,6,2,1
1069,What do you call a singing laptop?,A Dell,10,6,7
1070,What's the most beautiful thing in mathematics?,A cute angle,7,5,1
1071,a disability,a curse word and a radical interpretation of scripture walk into a bar nothing happened welcome to /r/cleanjokes,9,8,7
1072,What do you call a cross between a gorilla and a monkey?,A cross.,1,10,3
1073,What do you call a t-shirt with stalks of wheat on it?,A crop top!,10,5,2
1074,One time,a cow saved my life It was bovine intervention.,7,2,8
1075,What kind of house does cheese like to live in?,A cottage,1,4,3
1076,What do you call a ubiquitous spud?,A common-tater!,5,4,2
1077,What do you call a group of Combi's?,A Combi nation!,8,2,6
1078,What do you call a sheep with no legs?,A cloud.,6,1,5
1079,What do you call someone who really loves breakfast?,A cereal killer.,8,4,7
1080,What's the difference between a cat and a complex sentence?,A cat has claws at the end of its paws. A complex sentence has a pause at the end of its clause.,6,8,6
1081,what's orange and sounds like a parrot?,a carrot.,2,3,1
1082,What's orange and sounds like a parrot?,A carrot,4,4,1
1083,What's orange and sounds like a Parrot?,A Carrot,8,10,7
1084,What do you call a car that eats other cars?,A carnivore.,5,1,6
1085,What do you call a sheep covered in chocolate?,A candy baa,4,5,9
1086,What's the difference between me and a calendar?,A calendar has dates. #foreveralone,9,6,3
1087,What do you call an Egyptian doctor who works on peoples backs?,A Cairopractor!,6,10,1
1088,What do you call a bee from the wrong side of town?,A bumblegee,2,5,3
1089,How much does it cost for a pirate to get his ear pierced?,A buccaneer.,3,2,5
1090,How much does it cost a pirate to get his ear pierced?,A buccaneer!,10,8,6
1091,How much does it cost a pirate to pierce his ears?,A buccaneer!,10,3,2
1092,How much does a pirate earing cost?,A buccaneer,6,3,2
1093,What do you call a woman on a cruise ship in Mexico using the diving board at the pool?,A broad abroad on a board aboard.,1,3,2
1094,What's red and bad for your teeth?,A brick.,4,8,3
1095,What's red and is bad for your teeth?,A brick,6,2,9
1096,What do you call someone who makes a lot of money through deforestation of the Amazon?,A Brazillionaire!,2,7,7
1097,What Did Delaware?,A brand New Jersey!,6,10,4
1098,What do you call a fish that operates on brains?,A brain sturgeon.,2,3,1
1099,What do you call an elephant with a poor memory?,A bold and innovative departure from the hackneyed stereotypes that all too often dominate the joke-telling industry.,3,8,1
1100,What do you call an atheist bone?,A blasfemur.,1,7,1
1101,What do you cal a bear with extreme mood swings?,A bi-polar bear.,8,4,10
1102,What animal is best at hitting a baseball?,A bat!,6,10,2
1103,What's the difference between a firstborn prince and a baseball?,A baseball is thrown to the air.,4,7,2
1104,What bird can write underwater?,A ball-point Penguin!,3,3,1
1105,What do you call a father who was kidnapped in Iraq?,A Baghdad.,3,5,6
1106,What's Beethoven's favorite fruit?,A ba-na-na-naaaaa,1,9,9
1107,What do you call a race run by baristas?,A **decaf**alon,2,7,1
1108,How much do drum shaped sofas cost?,5 dollars per-cushion.,9,10,2
1109,Why was 9 afraid of 20?,28 29's,3,8,1
1110,The three unwritten rules of /r/cleanjokes are,1. 2. 3.,4,9,9
1111,How many nihilists does it take to screw in a lightbulb?,#,2,2,6
1112,Did you know that protons have mass?,&gt;Yes Well I didn't even know they were Catholic!,6,3,3
1113,What do you call a Macho Man Randy Savage that does not belong to you?,&gt;Nacho Man Randy Savage!!!!! this is my original content!!!!,5,9,2
1114,This is 2 girls with 1 cup. [A.K.A. Friends At (a) Cafe Bar](http,//www.gettyimages.com/detail/photo/friends-at-cafe-bar-high-res-stock-photography/156534295),6,1,5
1115,Reinventing Yourself http,//dryinginside.blogspot.com/2012/10/reinventing-yourself-doesnt-always-work.html,9,10,10
1116,What does a ghost cow say?,*wave arms around* MoooooOOOOOOoooooooo,7,3,6
1117,How do you catch a unique rabbit?,*unique* up on it!,9,10,2
1118,Apple just released a brand new programming language,*Swift*. Job recruiters everywhere immediately started posting ads for Swift programmers with 5 years of experience.,5,8,1
1119,Why was Cinderella thrown off the basketball team?,*She ran away from the ball.*,3,2,3
1120,What did the famous musician say the moment he was born?,*I'LL BE BACH*,2,3,7
1121,What is Mozart doing right now?,*Decomposing*,10,9,5
1122,What do you call a pig that does karate?,*A pork chop.*,7,5,1
1123,What do you call a bear with no teeth?,*A gummy bear.*,2,7,4
1124,What is heavy forward but not backward?,**ton**,10,3,7
1125,What's the strongest letter in the alphabet?,***P*** Even Superman can't hold it.,5,1,9
1126,What does Colonel Mustard's Mexican maid call him?,*(Phonetically-ish)* Mis'ser Dijon.,1,8,5
1127,An oldie but goldie! *How do you stop a charging bull?,* ***Take away its credit card!*** wa-waa-waaaa! ~Skip,2,2,7
1128,JKLMNOPQRST That's all that stands between U and I,),8,9,4
1129,Why do good farmers only excel when they are actually farming?,(X-post from /r/jokes) Because they are out standing in their field.,6,7,10
1130,What did Virginia get when she walked into the pet shop?,(state joke) A New Hampshire,8,3,5
1131,Why did the chicken lay an egg?,(Quoted from daughter at age 3) To get food for her babies!,10,7,6
1132,A dog with only 3 legs walks into a saloon in the Old West He slides up to the bar and announces,'I'm looking for the man who shot my paw.,4,2,3
1133,everybody gets their 15 minutes of fame - so here's my first original joke! why is it impossible to surprise a snowman?,.. he has ice in the back of his head,2,10,10
1134,I fell off a forty foot ladder today...,. lucky I was on the bottom rung.,5,6,1
1135,I was going to go to a clairvoyants meeting the other day but...,. it was cancelled due to unforeseen events.,6,1,1
1136,Two peanuts were walking down the street...,. And one of them was assaulted,6,2,7
1137,What's cold and scary?,! I-scream!,10,4,3
1138,Knock knock - Who's there?,- Impatient cow. - Impatient co- - He already left.,2,4,8
1139,What did the green grape say to the purple grape?,- Breathe stupid!,8,3,1
