id,punch_line,set_up,embarass_level,laugh_level,groan_level,img_url
1,"a steamed veggie","what do you call an angry carrot?",7,4,4,
2,"You look for fresh prince...","Will Smith joke How do you find Will Smith in the snow?",3,8,7,
3,"can you koa-lip this?","What did the koala bear say to the barber?",4,2,8,
4,"Y are you in the middle?","This is an X and Z conversation...",7,2,2,
5,"Will you hold my hand hand hand hand hand hand hand hand?","What did one octopus say to the other octopus?",5,10,1,
6,"Why aren't you supporting me?","What did the topic sentence say to the evidence?",1,3,4,
7,"Where's my tractor?","What did the farmer say when he lost his tractor?",6,7,6,
8,"water you waiting for?","I need this plant to grow. Well",6,5,5,
9,"They just log in...","How do trees get online?",8,9,1,
10,"there are but two types of people Those who can extrapolate from limited data ...",Actually,3,2,8,
11,"the cashier asks What color?","A man enters a store and asks for a color printer",9,9,9,
12,"shouldn't he have done heavy metal?","With a name like Freddy Mercury...",4,9,4,
13,"She didnt get a medal...","An Olympic gymnast walked into a bar...",6,4,5,
14,"Robert E. Lee was voted most likely to secede?","Did you know that in high school",8,4,9,
15,"Rhino horn?","What did the elephant say to the horn-less rhino?",8,4,10,
16,Quack!,"What did one duck say to the other?",1,7,1,
17,"or are circles pointless?","Is it just me",9,1,3,
18,"one says to the other Do you know how to drive this thing?","2 fish in a tank",3,9,2,
19,"One hundred sows and bucks?","What do get when you cross 50 female pigs with 50 male deer?",6,10,7,
20,"Now hes 97 years old and we have no idea where he is...","My grandpa started walking five miles a day when he was 60...",1,10,2,
21,"Nobody knows...","What do you call a nose without a body?",1,3,8,
22,"may I take your order?","The fast food restaurant for babies. Welcome to Gerber King",8,2,3,
23,"It was a brief chase...","How long did it take for the police to catch the man running in his underwear?",5,7,6,
24,"Is that you coffin?","What did one casket say to the other?",2,2,10,
25,"How much should I sell it for when I adjust for inflation?","If I bought a balloon for $0.99 ...",8,8,3,
26,"harm no 'do...","The hairdresser's oath First",9,7,6,
27,"For one you get tweetment and the other you get oinkment...","What's the difference between Bird flu and swine flu?",3,8,3,
28,"Do you smell fish?","Two birds are sitting on a perch. One bird says to the other",7,8,1,
29,"Do you smell carrots?","What did one snowman say to the other snowman?",3,6,9,
30,"Do you smell carrots?","What did one snowman say to the other?",6,8,3,
31,"but Wi-Fight it?","I try not to spend too much time online",5,6,1,
32,"but I can do it with my eyes closed...","Some people have trouble sleeping",10,8,7,
33,"Because they lacked common scents...","Why did the air freshener company go out of business?",1,5,7,
34,"Are you having a crisis?","What do you say to your sister when she's crying?",3,3,3,
35,"Are you gonna Jaundice on Saturday?","What did Cholera say to Malaria?",5,4,2,
36,"Anyone can roast beef...","What's the difference between pea soup and roast beef?",1,5,1,
37,"and orders a martini. The bartender asks olive 'er twist?","Charles Dickens walks into a bar...",8,9,5,
38,"all these sheep look the same...","By shear coincidence",9,3,6,
39,"All she got was a lousy plaque...","My dental hygienist retired after working 55 years...",9,8,10,
40,,"I finally finished baby proofing the house. Let's see those babies get in here now.",10,7,7,
41,,"Stay strong! I said to my wi-fi signal.",2,7,8,
42,"Your teeth!","Whats the best thing to put into a pie?",2,3,7,
43,"Your life is pointless.","What did the Triangle say to the Circle?",4,9,2,
44,"Your legs.","What has a bottom at the top?",9,8,6,
45,"You're too boring.","What did the hammer say to the drill?",10,7,9,
46,"You're nothing budapest!","What did the Hungarian say to the annoying kid?",2,2,1,
47,"YOU'RE BEING UNCANNY!","What did the closed can say to the half opened can?",4,9,3,
48,"you'll get the proper shade.","Always put sunglasses on your tree. Then",6,7,5,
49,"you will Pi ss","what happens if you drink 3.14 liters of water?",10,7,3,
50,"You use 14 carrots.","How do you make gold soup?",7,2,3,
51,"You think it's the R but it's really the C. Happy talk like a pirate day!","What's a pirates favorite letter?",7,1,2,
52,"You suffer from pickled hearing!","What happens when you get some vinegar in your ear?",9,7,1,
53,"You stab it in the juggler.","How do you kill a circus?",5,3,10,
54,"You set a booby trap.","How do you catch a bra?",10,9,8,
55,"You search for Fresh Prints.","How do you find Will Smith in the winter?",8,10,4,
56,"tell it go to the corner!","How do you confuse a fish in a fish bowl?",7,5,4,https://d6ce0no7ktiq.cloudfront.net/images/preview/2019/03/28/design-39545/template-sticker-600x600.png
57,"You put a little Boogie in it!","How do you make a kleenex dance?",1,4,9,
58,"You play it by ear.","When does one play a corny game?",9,2,4,
59,"You Planet Thanks u/BostonCentrist","How do you prepare for a party in space?",3,7,4,
60,"you might have dyslexia.","If life gives you melons",4,2,4,
61,"You make a seizure salad!","What do you do with epileptic lettuce?",2,5,1,
62,"you look so much thinner! I know! I had my appendix removed!",Book,1,8,4,
63,"you know.","Have a very Joseph Christmas! We shouldn't discriminate by sex",5,8,5,
64,"You have to sit in your own pew.","What happens if you pass gas in church?",3,7,6,
65,"You guys have no life!","What did earth say to the other planets?",5,8,8,
66,"You gotta keep 'em desiccated","Did you hear the Offspring song about how to store mummies?",4,2,9,
67,"You get a frostbite!","What happens when breed a shark and snowman?",1,8,4,
68,"You can't tuna fish!","What's the difference between a fish and a guitar?",6,7,1,
69,"You can only 'ran'; it's past tents.","Why can't you run in a camp ground?",4,4,4,
70,"You can make it from scratch.","Did you hear about the homemade poison ivy remedy?",8,1,2,
71,"You buy it a nice bunch of software and get it loaded!","How do you make a computer your best friend?",10,4,4,
72,"You better not try to start anything.","What did the bartender say to the jumper cables?",10,2,2,
73,"You barium.","What do you do to dead chemists?",4,3,4,
74,"you are what you eat So eat loads of sweets and pass on those vegetables","Alrighty Kids always remember",10,7,9,
75,"You are under a vest!","What did the German policeman say to his nipples?",9,3,2,
76,"You add 24 carats!","How do you turn soup into gold?",8,1,10,
77,Yogoat!,"What do kids eat for breakfast?",5,2,2,
78,"Yeah. They call him *Frank Sriracha.*","Have you heard about that hot Thai lounge singer?",4,8,2,
79,"Yeah or neeiiigghh?","Do you guys/gals like horse jokes?",9,10,10,
80,Wom.,"What game do you play with a wombat?",7,3,10,
81,"With an itheburg.","How do you think the unthinkable?",9,4,4,
82,"With a Teletubbie.","How do you call for a bath?",5,6,4,
83,"With a pumpkin patch!","How do you fix a broken pumpkin?",2,9,4,
84,"With a pair of Caesars.","How was the Roman Empire cut in two?",9,4,7,
85,"With a pair of *Caesars*","How was Rome split in half?",9,3,7,
86,"With a monk key.","How do you unlock a monastery door?",10,8,3,
87,"With a cowculator.","How do you count cows?",8,3,9,
88,"with a cowculator.","How does the farmer count up his cows?",8,1,7,https://media.tenor.com/a-t9VNTl2IsAAAAM/cows-boo.gif
89,"With a chicken fried stake","How do you kill a vampire from the South?",1,2,2,
90,"Will Smith","Which celebrity is great at creating probate documents?",7,8,7,
91,"Wild Twerky!","Which whiskey should you buy if you want to dance all night?",7,5,10,
92,"whoa. It's the Wawa West over there.","We now have TWO Wawa's by the interstate. The one on the east side of I4 is not so bad. But the other one",2,3,5,
93,"while balanced on the shoulders of a couple of vampires. He was charged with shoplifting on two counts.","A man was caught stealing in a supermarket today",8,6,2,
94,"When you are playing Charades.","Heart attack When is the worst possible time to have a heart attack?",1,3,1,
95,"When there's a sail on it.","When do you know you are getting a good deal on a boat?",9,10,8,
96,"When there are two of them.","When do elephants have eight feet?",4,2,5,
97,"When it('s not).","When is booger not a booger?",2,4,2,
99,"When European. Or when you're Russian. Any more?","If you're American when are you not American?",3,7,1,
100,"What Arkansas.","What did Tennessee?",5,8,4,
101,"Well that was a fluke.","What did Captain Ahab say when he harpooned a whale's tail fin on the first try?",9,3,6,
102,"We've got a lot of problems.","What did one math book say to the other math book?",10,10,5,
103,"We really need to raise the bar.","People dont like having to bend over to get their drinks...",2,8,5,
104,"we havent gotten a gig yet.","I'm making a band! I started a band called 999 Megabytes...",5,3,5,
105,"Watch your step!","What's the first rule of bug ownership?",9,10,7,
106,Wata,"What is Jackie Chan's favorite drink?",5,5,4,
107,"Washed a Ton State. I woke up with that joke in my head this morning. My brain is weird. Had to share it with someone.","What do you call Washington State after a long rain storm?",4,6,1,
108,"WAKA WAKA WAKA mile in his shoes.","Pac-Man What should you do before you criticize Pac-Man?",7,8,3,
109,"WAKA WAKA WAKA mile in his shoes","What should you do before criticizing Pac-Man?",5,5,3,
110,"WAH TAHH!!!!","WHAT is Bruce Lee's favorite drink?",3,3,5,
111,"Vulgar Wheat","What type of grain uses profanity?",8,7,3,
112,"Vlasic Park","Where do dinosaurs get their pickles from?",1,4,3,
113,"Very carefully","How do porcupines play leapfrog?",7,10,5,
114,Vel-crows,"What kind of birds stick together?",8,7,9,
115,"Vector Hugo.","Who was the only novelist with both direction and magnitude?",4,6,5,
116,V.,"How many Romans does it take to screw in a light bulb?",2,5,2,
117,"Utter destruction! !!!!","What do you call a cow jumping over a barbed wire fence?",1,7,3,
118,"Up his little sleevies.","Where does the little king keep his little armies?",8,5,4,
119,"Unlawful is against the law and illegal is a sick bird.","What's the difference between unlawful and illegal?",6,2,6,
120,"Ulta Magnus!","What do you call an Autobot who works in an overpriced makeup store at the mall ?",4,1,7,
121,"U-turns! *From my 9 year old son yesterday. Fixed typo.","What kind of turns do letters take?",5,7,9,
122,"Tywalkasoreus Rex","What is the scientific name for a crippled tyrannosaurus rex ?",9,5,2,
123,Two-Baaas.,"What is a pair of sheep's favorite instrument?",1,6,10,
124,"Two white stallions fell in the mud.","Wanna hear a dirty joke?",8,1,5,
125,"Two suckers got licked","Did you hear about the fight in the candy store?",5,5,1,
126,"Two letters.","What's the difference between Botox and Borax?",2,9,8,
127,"turns out they meant to typo.","They told me I had type A blood...",4,2,9,https://i0.wp.com/bloody-disgusting.com/wp-content/uploads/2019/04/Screen-Shot-2019-04-03-at-8.02.29-AM-e1554296588989.png?resize=740%2C441&ssl=1
128,Truuuuuuuuuuu-moooooooooooooooooo!!!,"What do you get when you mix two chains and a cow?",5,6,9,
129,Trombones!,"What's made of brass and sounds like Tom Jones?",4,2,4,
130,Tri-tip.,"What do you call a cow with three legs?",10,2,9,
131,"Tooth - Hurty! XD","What Time Do You Go To The Dentist?",9,1,2,
132,"Too many cheetahs!","Why don't cats play poker in the jungle?",8,3,10,
133,"Too many cheetahs","Why cant college students take exams at the zoo?",9,2,5,
134,"Too Bad.","Did you hear the one about the three eggs?",7,3,6,
135,Tony,"What do you call a man with his big toe above his shin?",3,4,1,
136,Toast-tah-dahs!,"What does a mexican magician make for breakfast?",4,8,6,
137,"To trip ants.","Why do elephants hide behind trees?",5,9,5,
138,"To the sturgeon","Where did the fish go when it needed an operation?",10,10,10,
139,"To the retail store!","Where did the cat go when it lost it's tail?",8,5,8,
140,"to the hokey pokey but I turned myself around (x-post from /r/jokes)","I used to be addicted...",6,9,10,
141,"To stop a kid napping.","Why did the cop wake up his son?",6,5,2,
142,"To show the opossum it could be done.","Why did the chicken cross the road?",8,10,7,
143,"To make up for a lousy summer.","Why did Humpty Dumpty have a great fall?",1,1,1,
144,"To keep her from losing her whey.","Why did Little Miss Muffet have GPS on her Tuffet?",7,9,5,
145,"To get to the second hand shop!","Why did the man with one hand cross the road?",4,4,8,
146,"To get to the same side.","Why'd the chicken cross the Mobius strip?",7,8,8,
147,"To get to the other slide.","Why did the chicken cross the playground?",5,3,10,
148,"To get to the other slide","Why did the bacteria cross the microscope?",1,9,8,
149,"To get to the other slide","Why did the Chicken cross the playground?",4,9,2,
150,"To get to the other slide","Why did the chicken cross the playground?",10,4,3,
151,"To get to the other side.","Why did the chicken cross the road?",4,8,1,
152,"To get to the other side.","Why did the chicken kill itself?",7,3,4,
153,"To get to the other bride.","Why did the bigamist cross the road?",6,3,3,
154,"To get to the nearest Shell Station!","Why did the turtle cross the road?",6,7,3,
155,"To get away from Gordon ramsey","Why did the chicken cross the road?",7,3,2,
156,"To come out of its shell!","Why did the snail drink beer?",2,8,9,
157,"To boost his link karma! (X-post from /r/Jokes)","Why did the redditor go to /r/zelda?",2,8,4,
158,"To be on the safe side!","Why did the squirrel cross the road on the telephone wire?",10,6,1,
159,"to be a brain surgeon.","I would think you'd have to be open minded",10,8,5,
160,"To a retail store.","Where do dogs go when they lose their tails?",8,7,6,
161,"Times New Roamin'!","What is a traveler's favorite font?",9,3,2,
162,"Time's fun when you're having flies.","What did one frog say to the other frog?",3,8,10,
163,"Time's fun when you're having flies.","What did one frog say to the other?",8,4,4,
164,Thunderwear!,"What does a storm cloud have on beneath its clothes?",10,6,5,
165,Thunderpants!,"What do you find in a cloud's shorts?",2,1,5,
166,Thor.,"Who is the only superhuman Frozone can't deal with?",1,2,7,
167,"This boy trips and falls into some mud.","Want to hear a dirty joke?",4,5,5,
168,"They're the wurst!","Don't you hate jokes about German sausage?",7,5,10,
169,"They're on a stable diet.","Why are horses never overweight?",10,5,3,
170,"They're jalapeno business","Why are some chillies nosy?",7,1,4,
171,"They're called velcrows.","There is a special species of bird that is really good at holding stuff together...",6,7,6,
172,"They're always so full of themselves!","I can't stand Russian Dolls...",8,5,6,
173,"they were running like a whale oiled machine.","Captain Ahab's crew were highly efficient sailors In fact",10,10,7,
174,"They were part of a stewicide pact.","Why did the vegetables hop into the boiling pot of water?",5,8,3,
175,"They were having dinar.","Why were the Libyans eating money?",9,5,5,
176,"they taste funny!","Why don't cannibals like clowns?",4,2,1,
177,"They take the psycho-path.","How do crazy people go through the forest?",3,1,6,
178,"They pilaf. I'll show my way out","What does a bag of rice and an onion do when they get into a fast car?",7,9,7,
179,"They move in different circles.","Why aren't sumos chummy with racecar drivers?",3,9,5,
180,"They made spectacles out of themselves.","Did you hear about the two monocles at the party?",8,9,10,
181,"They like to run around in their bear feet.","Why do bears hate shoes so much?",10,3,10,
182,"They herd it through the bovine.","How do cows get their gossip?",10,9,9,
183,"They had really long weights.","Did you hear about the production delays at that company that makes scales using lengthy pipes?",3,2,6,
184,"They had a stable relationship.","Did you hear about the stallion and the mare?",10,9,7,
185,"They had a MetLife crisis. (that's the name of the stadium)","What happened to the Denver Broncos in the Super Bowl?",10,7,10,
186,"They got veloci-raptured.","At the end of the Age of Dinosaurs what happened to the good ones?",3,4,9,
187,"They go to the mooooo-vies.","What do cows do for fun?",6,8,8,
188,"They found him dead the next morning in his tea pee.","Did you hear about the Native American who went to a party and drank 37 cups of tea?",9,10,6,
189,"They duckerate cookies.","What do ducks do at Christmas time?",5,5,6,
190,"They dont meet the koalafications.","Why arent koalas actual bears?",8,2,9,
191,"they don't work.","Wanna hear a joke about unemployed people? NeverMind",9,6,1,
192,"they don't weigh very much","why do they call them light bulbs?",8,6,6,
193,"They don't have salons in the jungle !","Why are bears so hairy ?",8,1,4,
194,"They discussed me.","I hate people who talk about me behind my back...",8,5,5,
195,"They couldn't keep a beet.","Why did the vegetable band break up?",9,2,10,
196,"They could be stalking you!","Why should you avoid people dressed as celery?",9,2,2,
197,"They both ain't got the same Seoul.","Why doesn't Kim Jong Un like southern music?",8,4,3,
198,"They become flatman and ribbon.","What happens when you steamroll Batman and Robin?",1,9,2,
199,"They are so clothes-minded.","You know what I hate about fashion designers?",3,2,3,
200,"They are shellfish.","Why don't crabs give to charities?",1,7,1,
201,"they are all in mint condition.","I know a guy who collects candy canes",5,7,5,
202,"They always get lost at C.","Why can't a Pirate make it through their ABC's?",10,10,7,
203,"They always come up short.","Why are there no midget accountants?",5,6,10,
204,"theres too many cheet-ahs","Why don't cats play poker in the jungle",1,3,5,
205,"therefore I yam.","Cogito Ergo Spud. I think",2,3,2,
206,"There's no punch line.","What happens when you don't serve drinks at a party?",8,8,5,
207,"There's no plate like chrome for the Hollandaise.","Did you know that it's traditional to serve Eggs Benedict on a hubcap?",7,1,2,
208,"There's a little bit too much grayvy.","A Thanksgiving Joke What did the turkey say about the television program from the 1950s?",3,4,3,
209,"There was no atmosphere","Why did the people not like the restaurant on the moon?",9,9,7,
210,"There was a huge turnip at the funeral.","What happened when the carrot died?",5,2,3,
211,"there is a hole in this boat. The other says don't worry it's not ours.","The hole in the boat So two guys steal a boat and get drunk. Kane of them goes Hey",10,8,10,
212,"There are twenty of them.","What's the best part about twenty two year old wheels of cheese?",4,5,8,
213,"Then I slide the block back under the bed and go back to sleep","Every morning I run around the block 5 times",9,2,4,
214,"then and there but I didn't see that coming - Tim Vine","A man started to throw words beginning with 'th' at me I dodge this",2,4,4,
215,"Their work usually has them pretty bent out of shape.","Why are contortionists always angry?",10,4,9,
216,"Their Personality.","What do Engineers use as birth control?",4,8,5,
217,"Their flags are big plusses.","Why are the nordic countries the best countries to live in?",8,2,10,
218,"Their buns.","What's the best part of a baker's body?",4,6,4,
219,"The tube top was strapless.","Why was the tank top more gangster than the tube top?",2,10,8,
220,"the third one ducks.","Two guys walk into a bar...",8,4,5,
221,"The Sturgeon General","What do you call the ultimate fish doctor?",3,2,1,
222,"The Starry Knight","What did Vincent van Gogh call himself when he joined the Justice League?",5,8,10,
223,"The sharks life lacked porpoise.","Why was the dolphin happy and the shark depressed?",7,1,1,
224,"The Saus Age.","What age were pigs discovered in?",3,1,6,
225,"The Roller Ghoster","What is a spectre's favorite theme park attraction?",4,4,5,
226,"The Ramsays","What is the world famous Chef Gordan's favorite football team?",3,3,10,
227,"The post office.","What has more letters than the alphabet?",9,10,4,
228,"The pizza can have ham and cheese together.","What's the difference between a Jew and a pizza?",1,5,1,
229,"The PETRI dish!","What is a bacteria's OTHER favorite dish?",10,1,6,
230,"The part with the sail in it.","What is the cheapest part of a boat?",2,8,10,
231,"The outside.","What side of a turkey has the most feathers?",1,1,3,
232,"The outside","What side of a leopard has the most spots?",10,2,3,
233,"The Oli-Mart","Where do you buy Pikmin from?",7,9,3,
234,"The Necronomnomnomicon.","What is H.P. Lovecraft's cook book called?",3,6,3,
235,"The Moovies","Where do Cows go for parties?",6,7,1,
236,"the Martians","What is the swamp-dwellers favorite form of extraterrestrial life?",1,7,3,
237,"The Mainstream.","Where do you drown a hipster?",9,10,2,
238,"The MAGA Carta","What does r/The_Donald call its rule list?",8,5,9,
239,"The letter D.","What does December have that other months dont have?",3,9,7,
240,"The Lepre-khaaaaannnnn!!!!!","Who is William Shatner's mythical nemesis?",2,10,7,
241,"The kids were nothing to look at either.","An invisible man marries an invisible woman...",9,10,7,
242,"The hamstring.","What's a pigs favorite muscle?",5,9,3,
243,"The goatherd woke him up.","Did you hear about the kidnapping recently?",9,10,4,
244,"The game warden found out he poached his eggs!","Why couldn't the hunter cook breakfast?",8,6,3,
245,"The ferrous wheel","Which fairground ride is made of iron?",10,2,8,
246,"the doctor told me that the bottom of my heart has stopped functioning. My girlfriend will be disappointed; that's the part I loved her from.",Today,7,10,9,
247,"The dock!","Where do sick boats go?",3,9,10,
248,"The computer said it was two week.","I tried to change my password to 14days...",8,6,7,
249,"The C.","What's a pirate's favorite letter?",10,5,7,
250,"The Butterfly","What is Paula Deen's favorite insect?",5,10,9,
251,"The bellhop asks him if he has any luggage and the photon replies No. I'm travelling light.","A photon checks into a hotel...",8,1,10,
252,"The beater - he cracks everybody up!","Which kitchen appliance tells the best jokes?",9,3,10,
253,"That's unsanitary.","If you give a mouse a cookie.. If you give a mouse a cookie.. Why are you giving a mouse any food?",10,10,5,
254,"that's the word on the street anyway.","Someone dropped their Scrabble in the middle of the road",2,8,6,
255,"That's Astana-shing","What did the amazed Kazakhstani say?",4,7,5,
256,"That's a waist of paper!","What do you say to someone who is making a cardboard belt?",7,4,7,
257,"That was a cloche call!","What did the figurine say when the boot flew past her protective dome?",3,8,6,
258,"That it's rare to see a job well done","So I work in a Steak House and all the people there are really lazy So I must say after working there",4,9,3,
259,"That he needed to address the situation","What did the mailman say when his Mail truck caught fire?",4,7,5,
260,Terrormisu,"What is ISIL's favourite dessert?",7,3,6,
261,Tentacles.,"How many tickles does it take to make a squid laugh?",10,3,4,
262,Tennish,"What time does Sean Connery arrive at Wimbledon?",4,4,8,
263,ten-tickles,"How many tickles does it take to make an octopus laugh?",10,5,7,
264,"Ten tickles.","How do you make a squid laugh?",4,1,1,
265,"Ten tickles.","How many tickles does it take to make an octopus laugh?",9,9,9,
266,"Ten tickles","How many tickles does it take to make an octopus laugh?",7,9,9,
267,"Ten tickles","How many tickles does it take to make an octopus laugh?",3,5,4,
268,Tarbucks.,"What do you call coffee made from coal?",3,5,3,
269,"Taco Braille","What's a blind person's favorite fast food joint?",2,10,10,
270,Sycamore.,"What do you call a bulimic tree?",3,8,5,
271,Swinestein.,"What do you call a smart pig?",4,4,3,
272,"Swimming trunks","What do you get if you cross an elephant with a fish?",9,1,7,
273,"Suture self!","What did the lazy surgeon say to his patient?",4,6,2,
274,Supereyore,"Superman and Eyore had a baby. The baby's name?",3,8,8,
275,"Sundae School","Where do you learn to make ice cream?",10,8,4,
276,"Straight jack it.","How does Harry Houdini tell people to steal stuff?",6,3,4,
277,"steer clear","What do you do if a cow is in the middle of the road you're driving on?",1,5,6,
278,Steak.,"What do you call a cow with one leg?",2,9,2,
279,"Starburst! Another one from my 9 year old. I don't know where he gets it.","What is the Sun's favorite candy?",5,4,5,
280,Stairs,"What goes up and down but does not move?",3,7,7,
281,"Square eyes","What do mathematicians get if they stare at the roots of negative numbers for too long?",6,9,1,
282,"Somewhere over the rainbow weigh a pie. (sounds like way up high)","Where do you go to weigh a pie?",8,10,9,
283,"Something smells between us.","What did the eye say to the other eye?",1,7,6,
284,"Something going a-rye while they're raisin' bread.","What's a baker's biggest fear?",5,9,8,
285,"Someone who points out the obvious.","What do you call someone who points out the obvious?",1,4,8,
286,"Someday my prints will come","What did Cinderella say while waiting for her photos?",7,7,9,
287,"So they can hide in cherry trees. You ever seen an elephant in a cherry tree?","Why do elephants paint their toenails red?",7,3,5,
288,"So I flew to Paris and now I am a broad.","I was thinking of becoming transgender...",2,5,1,
289,"so he named him Miles","A man wanted to name his son a very long name",8,3,9,
290,"So he could organize his crime","Why did the mobster buy a planner?",6,7,9,
291,"So he could live in peas and hominy.","Why did the orange move to veggieland?",4,2,1,
292,"SMILES because there is a mile between the first and last letters!","What is the longest word in the English language?",5,10,3,
293,"Smiles because there is a mile between each S!","What's the longest word in the dictionary?",4,6,8,
294,"Smiles - because there is a mile between the first and last letters","Which word is the longest in the English language?",4,7,9,
295,"Skill trees! **Dances wildly with top hat and cane**","What do gamers plant in their garden?",8,8,9,
296,"Sir Cumference. ","Who was the knight that invented the round table?",1,5,6,
297,"Sir Cumference.","Who is the roundest knight at King Arthur's table?",5,5,10,
298,"Sir Cumference.","Who was the most important Knight of the Round Table?",6,2,5,
299,"Sir Acha.","Did you hear about that spicy knight?",10,5,9,
300,Sin/Cos,"How does a mathematician get Tan?",8,3,8,
301,"Sigmund Fraud","What do you call a con-artist who minored in psychology?",8,6,7,
302,"Should've ducked.","This mallard waddled into a bar...",10,3,8,
303,"Shear madness.","What do you call shaving a crazy sheep?",6,10,10,
304,"She's reluctant to make a rash decision.","This dermatologist waits a month to diagnose a skin disorder...",2,9,10,
305,"She would always let it go.","Why couldn't Elsa hold on to a balloon?",6,10,6,
306,"She was tired of raisin kids.","Why did Mrs. Grape leave Mr. Grape?",4,6,9,
307,"She was fed up with the hole business.","Why did the girl quit her job at the donut factory?",6,10,2,
308,"She was a little shellfish.","Why didn't the baby oyster share her little pearl?",6,9,9,
309,"She wanted to lay it on the line.","Why did the chicken cross the road half-way?",1,3,4,
310,"She wanted a new website.","Why did the spider land on the keyboard?",7,7,3,
311,"She slept her way to the top!","How did the prostitute get promoted?",3,3,6,
312,"She puts it on her bill","How does a duck pay for lipstick?",10,9,5,
313,"She moved.","What did the blonde do when she discovered that most accidents happen within a mile from home?",6,10,6,
314,"She had a fodder complex.","Why did the cow go to the psychologist?",8,1,6,
315,Sep-timber,"When is the month when the most trees fall?",8,6,5,
316,Seaweed!,"What do fish smoke?",10,2,10,
317,"Scuba - Doo!","What do you call a deep-sea diving dog?",9,2,6,
318,scrubbing!!!,"My shower had a bit of mildew- -but all it took was a little...",4,8,7,
319,"Scholar ships!","What kind of boats do smart people ride on?",10,8,3,
320,Scanthesku,"What do you call a Romanian grocery clerk?",3,7,7,
321,"says the bartender. A neutrino walks into a bar.","We don't allow faster-than-light neutrinos in here",3,2,1,
322,Satin!,"Which is the most silky planet?",10,8,9,
323,"Backwards Santa .","What goes oh oh oh?",8,1,1,
324,"Running a Backgroud Check.","What is the ardent task of searching for a new wallpaper called?",3,9,5,
325,"Rubber-Toe! (Roberto)","What do you call a Mexican with a rubber toe?",4,2,7,
326,Roberto,"What do you call an Italian guy with a rubber toe?",6,5,7,
327,"remove the s","how do you make 7 even?",2,3,7,
328,"Refresh Prince of Bel Air.","Will Smith's website isn't responding. What do you do?",4,7,5,
329,Reddit!,"Joke request Tell me your best joke that includes July fourth and fire Let's see what you've got",9,1,6,
330,"Red Paint","Whats Red and Smells Like Blue Paint?",6,6,6,
331,"RALSHMICOMN Rolling Around Laughing So Hard Milk Is Coming Out My Nose","New Internet acronym",8,8,8,
332,Radio-Activity,"What was Marie Curie's fitness program on the airwaves called?",4,5,4,
333,"Rabbit farts","What's invisible and smells like carrots?",9,3,3,
334,Quija-13,"What is the horror movie Quija rated?",4,9,9,
335,"Question marks","What do you call fake German currency?",2,1,1,
336,PunchLine,SetUp,1,2,1,
337,"pt 2 A boomer-WRONG!","What do you call a boomerang that doesn't come back?",3,10,7,
338,"Psycho-paths. (as told by one of my coworkers)","Where do weirdos ride their bicycles?",1,5,8,
339,Provolone,"What do you call cheese that is by itself?",8,4,7,
340,Prov-alone!,"Which cheese is the loneliest?",7,3,10,
341,"Prof. it","What do you call an economics lecturer?",5,10,6,
342,"Premium flaked tuna Best before dd/mm/yy","What does a can of tuna say?",5,3,7,
343,"Porcel Lane.","Where do toilets live?",7,8,8,
344,Pop.,"Balloon's What's a balloon's favorite genre of music?",3,9,4,
345,Pop.,"What's a balloon's favorite genre of music?",9,4,9,
346,"Pond. James Pond.","Who's the world's greatest underwater spy?",9,1,1,
347,"Poke 'em on!","How do you get Pikachu on the bus?",6,6,3,
348,Pointless!,"What do you call a bald porcupine?",3,10,7,
349,"Plump kin!","What happens when your cousin eats all the Pumpkin pie on Thanksgiving?",8,3,7,
350,"Pls help.","What's the difference between a Thai man and a Thai woman?",3,5,3,
351,"Please give me a big fat bank account and a slim body. Please don't mix those two up like you did last year. Thanks.","Note for Santa Dear Santa",5,2,1,
352,Plane.,"How did the pilot like his hotdog?",6,4,7,
353,Pik-a-choo.,"Which Pokemon got a cold?",6,1,1,
354,"Philippe Philoppe.","What do you call a Frenchman in sandals?",5,7,9,
355,"People have really Ben Affleckted by it.","Did you hear about the casting for the new Batman movie?",6,6,9,
356,"people are just dying to get in there these days.","why are there fences around graveyards?",4,10,7,
357,Penne,"What is Forrest Gump's favorite pasta?",4,2,4,
358,pEGGy,"What name is given to the most chickens ?",7,1,9,
359,"Peas and hominy","What's an idealist vegetarian's favorite meal?",3,5,8,
360,Pears,"What are twins favorite fruits?",9,6,5,
361,PARSLEYMONIOUS,"What do you call a chef who's stingy with herbs?",2,10,9,
362,Panda-monium.,"What do you call a bunch of Asian bears roaring?",7,3,2,
363,"Ow! That megahertz!","What did one computer CPU say to the other after getting hit?",3,3,3,
364,"Orlando Bloom.","What do you call a flower in Florida?",8,10,9,
365,"One's a quick snack and the other's a sick quack!","What's the difference between a bag of chips and a duck with the flu?",2,10,4,
366,"one was assaulted","Two pretzels.. Two pretzels went walking down the street",8,10,8,
367,"one got pissed off.","There were two flies sitting on a toilet seat...",2,9,5,
368,"On the roof.","Where do literal dogs live?",1,4,9,
369,"ON AN OPPORTUNITY","What's the best way to capitalize on an opportunity?",10,7,6,
370,"Olive 'em!","What's a martini's favorite garnish?",8,9,10,
371,Ohm.,"What is the most religious unit in electrical engineering?",7,3,7,
372,Ohio,"Which US state is the friendliest towards the Japanese?",1,6,6,
373,"Oh snap!","What did the rubber band factory worker say when he was fired?",6,1,2,
374,"O #ThugLife","My Girlfriend told me she didn't want anything for Birthday I didn't give her anything",7,5,9,
375,"Now let me get this straight . . .","What did the flat iron say to the follicle?",7,10,5,
376,"Now he's fully recovered.","Did you hear about the guy who fell into an upholstery machine?",6,7,1,
377,"Nothing. (this joke was made by daughter when she was 5)","What does a rock do all day?",8,2,2,
378,nose-feratu!,"what do you call a vampire that sucks mucus instead of blood?",10,1,8,
379,"nor fly. A peng-lose.","What do you call a black and white bird that can't win",10,2,9,
380,"Nope So the bear wipes his butt with the rabbit.","A bear and a rabbit are pooping in the woods The bear asks the rabbit - do you have a problem with poop sticking to your fur?",5,10,5,
381,Nomads!,"What type pf culture is most peaceful and never gets angry?",9,3,4,
382,"Nobody knows.","What do you call somebody with no body and no nose?",1,7,9,
383,"no ones laughing now.","They laughed when I said I wanted to be a comedian. Well",8,9,9,
384,"No idea.","How do you call a deer with no eyes?",5,2,3,
385,NO,"Wanna hear a joke about Nitric Oxide ?",7,5,2,
386,"Nine times.","I named my cat Curiosity. He killed himself ...",6,4,4,
387,"Nice belt.","What did the 0 say to the 8?",7,9,4,
388,"Nice belt.","What did the number zero say to the number eight?",6,1,6,
389,"Nice belt!","What did the O say to the 8?",2,6,8,
390,"Nice belt!","What did 0 say to 8?",3,8,9,
391,"Nice belt!","What did the 0 say to the 8?",8,10,6,
392,"Nice Belt","What did the number zero say to the number eight?",2,1,9,
393,"nice belt","what did the zero say to the eight?",3,6,9,
394,"next week.","I invented a time machine",7,8,1,
395,"New Jersey","Where did the team get there uniforms?",1,9,6,
396,"Never mind. *Skip it*.","Did y'all hear the one about the professional jump-roper?",4,4,9,
397,"Never mind it is too cheesy.","Want to hear a joke about pizza?",2,5,6,
398,"Neither of them practice.","What do Catholics and guitar players have in common?",7,5,5,
399,Neigh-boars.,"What does the horse call the pigs on his farm?",4,9,3,
400,"Nacho cheese!","What do you call cheese that isn't yours?",5,6,6,
401,Myrrhder,"Why did the Wise Man get 25 to life?",3,6,5,
402,"My Way.","My buddy the hacker took the quiz What Beatles song best describes your life. The answer he got",5,7,2,
403,"must have references","Fart tutor wanted",5,5,7,
404,Muenster.,"What type of cheese lives under your bed?",4,7,10,
405,MOOstard.,"What do cows like on their hotdogs?",8,5,1,
406,moostard,"What do cows like to put on their hot dogs?",2,9,7,
407,Moosoleum.,"What do you call a burial chamber full of Moose?",4,4,5,
408,"Monk key","What do they call a monastery key that opens all doors?",2,4,8,
409,"Mobius Chicken Strips.","The signature dish of a restaurant called the Twisted Rooster",8,1,10,
410,"Missouri. I think our hotel caters to senior citizens because it had a free incontinental breakfast.","Branson My wife and I went to Branson",7,4,7,
411,"Meet you at the corner","What did the one wall say to the other wall?",9,4,7,
412,"Meat patty! Thought of you guys!","How does a hamburger introduce his girlfriend?",8,5,1,
413,"Me learnt everything I know from Sesame Street!","Me have great grammar...",1,3,10,
414,"May my thoughts be with them.","What does a Jedi say after a tragic loss of life?",4,9,3,
415,"Masahiro Saccharide","Who makes the sweetest video games?",8,3,2,
416,"Marked down!","What do you call a discounted Zuckerberg?",6,10,5,
417,"Man who not shower in 7 days makes one reek.","Old Chinese proverb",7,4,3,
418,"Make me one with everything.","What did the Buddhist say to the hot dog vendor?",1,9,1,
419,"Make me one with everything.","What did the Buddhist say to the hotdog vendor?",6,8,1,
420,"make it sew.","When Captain Picard's sewing machine broke he brought it to the repairman and said...",4,9,8,
421,Lukewarm,"What's the internal temperature of a Taun-Taun?",10,4,4,
422,Luftwaffles,"What did the German air force eat for breakfast during WW2?",3,2,2,
423,Lost.,"What do you call a camel in Alaska?",2,6,10,
424,"Looking sharp.","What did aged mother cheddar say to her son the day of school photos?",7,1,1,
425,"Look out for the cactussssssssssssssssssss!","Two balloons are floating across the desert One balloon says to the other",8,8,3,
426,"Look for the fresh prints.","How do you find Will Smith in the snow?",10,8,4,
427,Loafers.,"What does a baker wear on his feet?",9,2,8,
428,"Little Caesars","What do dwarves use to cut their pizza?",7,7,2,
429,"Limp Biscuit","What did they call the Pillsbury Doughboy after he hurt his leg?",2,1,4,
430,"They call him the F1 racist.","My brother likes driving black and white F1 race cars...",3,8,8,
431,Li[e]-lacs!,"What's George Washington's least favorite flower?",6,8,3,
432,"letter G (lethargy)","Which letter of the alphabet is the laziest?",9,10,1,
433,"Let's make a snowman!","What did the 0 say to the 8?",5,8,9,
434,"Let's grow MOLD together!","What did the creepy scientist say to his new creepy wife?",6,4,9,
435,"Let us spray.","What did the priest say when watering his garden?",4,3,4,
436,"Lean beef.","What do you call a cow with 2 legs?",1,3,6,
437,"Lean Beef!","What do you call a cow with only two legs?",8,6,2,
438,Lawsuits.,"What do lawyers wear to court?",9,2,10,
439,"Law suits!","What do lawyers wear to court?",2,3,5,
440,"Launch! Another one from my 9 year old.","What is a rocket's favorite meal?",10,7,4,
441,Launch,"What is an astronaut's favorite meal?",5,9,1,
442,Lambinated!,"What do you call a plastic sheep?",4,5,9,
443,"Laffy Taffy.","What's a comedian's favorite candy?",9,2,2,
444,"La chaim-lich maneuver.","What do you call it when someone resuscitates a person who chokes on alcohol?",2,9,9,
445,Koldcutta,"What city loves to eat sandwiches?",1,2,1,
446,"Kellog's All Brain","Kind of a kid joke What kind of cereal do zombies like?",10,4,4,
447,"just stand in the corner of a room for a while. *They're normally around 90 degrees.*","If you ever get cold",6,2,6,
448,"Just passing through","What did the neutrino say to the planet?",4,6,2,
449,"Just look at it. It's headed in one direction and pointed in the other.","How can you tell that a straight pin is confused?",6,9,2,
450,"Just ice.","What does batman take in his whiskey?",10,8,4,
451,"just for you!","HELP! We need your best joke you have! We will choose the best joke and make a video of it",8,1,6,
452,"Just 1 but it will take 3 episodes.","How many Super Saiyans does it take to change a lightbulb?",8,3,7,
453,"Jose and hose B","Have you heard about the 2 Spanish firemen?",6,2,7,
454,"Jose and Hose B","what did the mexican firecheif name his kids...",3,8,4,
455,"Joke joke jooooke!","Wanna hear two short jokes and a long joke?",8,6,1,
456,"Johnny Cash.","What celebrity wouldn't pay by card?",7,6,9,https://www.imago-images.com/bild/st/99714156/m.jpg
457,"Jim shorts.","What does Captain Kirk wear to the fitness center?",3,10,9,
458,"JaPAN! From my 9 year old.","Where do pots go on vacation?",4,6,7,
459,"Jalapeno Business","What do you call a nosey pepper?",7,3,1,
460,"Its shift work.","I just got a job helping a one arm typist do capital letters...",2,9,1,
461,"its days are numbered.","I fear for the calendar",2,2,10,
462,"Its butt.","What is the last thing to go through a fly's mind when it hits a windshield?",2,2,1,
463,"It's UN-B-REATHABLE!","What do fish think about air?",9,8,3,
464,"It's the revised edition. (Revise Addition)","Did you hear they're republishing that Simple Mathematics study guide?",4,7,2,
465,"it's still stationery.","No matter how much you push the envelope",9,6,4,
466,"it's so in tents","I like camping but...",10,9,3,
467,"It's meteor.","Why is a shooting star better than a hamburger?",2,10,1,
468,"It's making headlines.","Heard the one about the corduroy pillowcase?",6,6,2,
469,"it's just something I can see myself doing.","I think I want a job cleaning mirrors",4,5,3,
470,"It's impossible to put down","I'm reading a book about anti-gravity",9,2,10,
471,"It's called the Necronomnomnomicon.","Did you hear that H.P. Lovecraft wrote a cookbook?",5,3,10,
472,"It's called the necro**mom**icon","Have you heard about the Black Magic book for orphans?",4,1,5,
473,"it's called gluten tag. I'll show myself out.","When German children play a game involving touching each other with bread...",3,5,3,
474,"It's all Greek to me.","I'm not really sure I'm understanding this financial crisis in Greece...",2,10,10,
475,"It's a vicious cycle.","Every single morning I get hit by the same bike...",6,6,3,
476,"It's a really obscure number. You've probably never heard of it.","How many hipsters does it take to change a lightbulb?",10,10,10,
477,"It's a puffin!","What do you call a penguin with a smoking problem?",9,3,3,
478,"It's a little meteor.","How can you tell if a hamburger was grilled in space?",3,1,1,
479,"It's a dead giveaway!","Define Will Isn't it obvious?",8,1,9,
480,"It wooden go.","What was wrong with the wooden car?",6,8,9,
481,"it was wrong on so many levels. From /r/PeterL","I farted on an elevator",1,8,7,
482,"It was TWO TIRED!!!","Do you know why the bike couldnt stand by itself?",1,10,2,
483,"It was toad-aly cool!","I saw an all frog production of Frozen yesterday...",10,3,4,
484,"It was so nice I had two.","I made half a cup of tea the other day...",6,8,8,
485,"It was riveting.","I saw a documentary on how they make jeans...",8,6,3,
486,"it was repossessed!","What happened when the man couldn't afford the mortgage on his haunted house?",9,7,2,
487,"It was really amoosing.","Did you hear about what happened with the elk?",1,1,1,
488,"It was one-sided.","I had a conversation with a Mobius strip...",7,9,1,
489,"it was horrorble.","bad scary film I was watching a really poorly done scary movie last night",6,9,9,
490,"it was grate","I went to a shredded cheese convention the other day...",3,8,9,
491,"It was for the grater good.","Why did the superhero make a lot of shredded cheese?",3,1,9,
492,"It was chassing after the chicken!","Why did the fox cross the road?",6,8,2,
493,"It was a grave mistake. Woohoo! I'm making these up!!","Did you hear about the man who was accidentally buried alive?",9,4,10,
494,"It uses a plant stand.","How does a plant walk?",4,1,7,
495,"It turned into a field","Did ya hear about the magic tractor?",7,3,10,
496,"it tripped and fell. Now it's all boogered up.","What happened to the runny nose...",1,5,2,
497,"it tends to get terrible reception","I came up with a joke about my old cell phone Nevermind",2,8,9,
498,"It takes them a long time to swallow their pride","Why are giraffes slow to apologize?",7,2,2,
499,"It scares their seeing-eye dog.","Why don't blind people like to go skydiving?",10,8,7,
500,"It scares the crap out of the dog.","Why don't blind people like skydiving?",1,9,6,
501,"It saw the salad dressing.","Why was the burrito embarrassed?",9,6,5,
502,"It said that he later had a massive vowel movement. Maybe a dirty joke.","I read a story about a kid that ate 4 cans of alphabet soup in one sitting...",1,8,6,
503,"It never came out.","Ever heard about that movie called Constipation?",5,6,7,
504,"It needed to be checked out; it had a bloated appendix.","Why did the library book go to the doctor?",4,10,3,
505,"It needed a filling.","Why did the pie go to the dentist?",7,2,8,
506,"It lifts their spirits.","Why do ghosts like to ride elevators?",4,1,2,
507,"It kept crashing on the beach.","Why did the wave fail the driving test?",2,8,6,
508,"It had a lot of problems","Why was the math book sad?",6,1,9,
509,"It had a little boogy in it.","Why did the tissue get up and dance?",7,2,9,
510,"It gets toad away.","What happens to a frog's car when it breaks down?",2,10,9,
511,"It gets jalapeno business.","What does a nosey pepper do?",4,3,8,
512,"It gets Dhaka","What happens at night in Bangladesh?",5,8,8,
513,"It ended in a tie.","Did you hear about the two silk worms that got in a fight?",9,7,6,
514,"It ended in a draw","Two artists had an art contest...",3,1,5,
515,"It ended in a draw","Two artists had an art contest...",1,2,10,
516,"It couldn't CUT IT! woohoo! I made this one up while sitting at a buffet table. Enjoy! ~Skip","Why did the knife quit?",9,6,3,
517,"It could go round for round.","Why was the hula hoop a great boxer?",3,6,3,
518,"it amazed me to see how much the human body can lift without pooing itself.","After watching a strongman competition...",3,10,6,
519,"is that they take themselves lightly. **G. K. Chesterton**","The reason angels can fly",1,3,5,
520,"Is reported in stable condition.","A farmer in (x-town) who rolled over a cart of horse manure...",7,2,2,
521,Irrelephant.,"What do you call a pachyderm that doesn't matter?",8,8,10,
522,"Irony is when something has the chemical symbol Fe.","What is irony?",2,10,8,
523,Investigator.,"What do you call a alligator in a vest?",7,9,4,
524,"Intruder window","How did the burglar get into the house?",3,3,8,
525,"In his sleevies.","Where did Napoleon Bonaparte keep his armies?",8,2,1,
526,"In his sleevies.","Where does the General keep his armies?",3,4,7,
527,"In his sleevies!","Where did Napoleon keep his armies?",8,9,6,
528,"In his sleevies!","Where did the general keep his armies?",5,1,4,
529,"In cute little knotsies!","How did Hitler tie his shoelaces?",8,6,9,
530,"In case you get a hole in one.","Why should you always bring 2 pair of trousers when golfing?",4,6,1,
531,"in a million years.","I would never exaggerate",9,2,7,
532,IHOP!,"Where do rabbits like to eat breakfast?",10,6,7,
533,"Igloos it together!","How does a penguin build its house?",4,6,8,
534,"If it had four it'd be a chicken sedan!","Why does a chicken coupe only have two doors?",3,8,9,
535,"if cowboy architects had just made their towns big enough for everyone.","I believe a lot of conflict in the Wild West could have been avoided completely",10,7,3,
536,"Ice cream because they always want a scoop!","What's a reporter's favorite food?",8,10,1,
537,"I`ll meet you at the corner.","What did one wall say to the other wall?",1,8,10,
538,"I'm working on it.","Wanna hear a construction joke?",7,7,5,
539,"I'm pro-tractor.","I support farming and math...",3,9,10,
540,"I'm getting the fudge outta here!","What did the owner of a brownie factory say when his factory caught fire?",1,3,6,
541,"I'm cured!","What did the slab of meat say when it was covered in salt and left out to dry?",6,10,4,
542,"Hi I'm board!","What did one dry erase marker say to the other?",2,9,2,
543,"I'm 27.","Like most people my age...",10,4,10,
544,"I'll tell you later.","How do you keep an idiot in suspense?",6,10,5,
545,"I'll never Finnish. *dodges tomato*","What did the Estonian student say in language class?",9,5,6,
546,"I'll catch you later!","What did the Pelican say to the fish when he was running late for work?",10,8,10,
547,"I'll be Bach. Sorry.","What did Arnold Schwarzenegger say upon being asked to star in a Broadway production about the world's greatest composers?",5,7,5,
548,"I would tell you but I think you're too slow to get it.","Did you hear the joke about the fast car?",10,5,6,
549,"I wish I was a little boulder!","What did the pebble say to the rock?",8,8,1,
550,"I was just following odors.","A WWII Joke! What did the German Shepherd say at his Nuremberg trial?",6,5,7,
551,"I WAS FRAMED! I just now made that up. I feel good about this one! ~Skip","What did the picture say to the Judge?",10,10,6,
552,"I think therefore I Amazon","What did Descartes say while shopping online?",2,9,9,
554,"I support their rights.","I am not pro gay. I am not even amateur gay. But",3,2,3,
555,"I said wait! I can change!","My girlfriend told me she was leaving me because I keep pretending to be a Transformer...",7,2,3,
556,"I said I think Id have to say my listening skills are my greatest strength.","I went for a job interview today... The interviewer said to me... What would you say your greatest weakness is?",6,3,10,
557,"I heard it was a pretty shady business.","My first joke here and an original! Did you hear about the two lawyers who set up shop under the old oak tree?",9,9,3,
558,"I haven't seen him in a while.","There's a guy at the office today wearing full camo. At least I think so...",7,1,5,
559,"I have several Reisens...","My girl asks why I love chocolate so much. Well",2,10,3,
560,"I guess he wanted a byte to eat! ^imagine ^this ^in ^zoidberg's ^voice","My dog chewed up my laptop...",2,3,5,
561,"I ended up getting fired because I couldn't concentrate.","I used to work at an orange juice factory...",2,9,2,
562,"I don't know why.","I'm good friends with 25 letters of the alphabet...",10,9,8,
563,"I don't know what he laced them with but I have been tripping all day. --My amazing girlfriend told me this one","I bought some shoes from a drug dealer",7,6,7,
564,"i dino","what did socrates learn from the T-rex?",5,3,6,
565,"I didn't go back for seconds.","I once ate a watch. It was time consuming",9,10,9,
566,"I can't put it down.","I'm reading a book about anti-gravity. ",9,8,9,
567,"I can see your drawers!","What did the floor say to the desk?",2,5,8,
568,"I call 'em breakfast epiphanies","I love when I have dramatic realizations over my morning cereal",8,2,10,
569,"I blame my shelf","What did Sean Connery say when his books fell on his head?",1,5,1,
570,"I am sure I will look back at my life and say aaaah! my neck hurts","When I grow old",4,2,10,
571,"I AM GROUT","What did the space between two tiles say?",9,10,7,
572,"How-Ling (my dad wanted me to post this)","What do you call a noisy Chinese dog?",5,8,2,
573,"How far do you think I can kick this bucket?","I still remember what my grandpa said before he kicked the bucket...",7,6,7,
574,"How do you drive this thing?","Two fish in a tank. [x-post from r/Jokes] One asks",2,9,1,
575,"Hot! Because anyone can catch a cold! buh duh tsst","What's faster hot or cold?",1,3,1,
576,"horse fell in the mud!","the only one of its kind on this sub Want to hear a dirty joke?",10,3,2,
577,Honey.,"What do beef hearts smell like?",2,6,2,
578,Hollywood.,"Where did the mistletoe go to become rich and famous?",2,10,6,
579,Hollandaise.,"What language do they speak in Holland?",8,7,7,
580,"Hitler is raping you!","How do you know it's time to go to bed?",9,10,9,
581,"His legs and arms.. because he was disarmed and defeated.","What other body parts did Voldemort not have apart from his nose?",8,2,6,
582,"That belt looks great on you!","What did 0 say to 8?",9,3,4,
583,"Henry the 1/8th","Who invented fractions?",9,3,4,
584,"Help! I've fallen and I can't giddy up.","What did the horse say when he fell over?",3,9,2,
585,Heifer-weizen.,"What kind of beer does a cow brew?",1,4,3,
586,"He's up all night to get Loki.","Why does Thor have insomnia?",4,7,7,
587,"He's too bright.","Why doesn't the sun need to go to University?",5,3,8,
588,"He's good at making friends.","Why is Dr. Frankenstein never lonely?",5,3,1,
589,"He's gonna lure him in to the crypt tonight.","How does the Mummy plan to destroy Superman?",1,7,2,
590,"He's calling it the Four Loaf Cleaver.","Did you hear about the guy who invented a knife that can cut four loaves of bread at once?",4,7,8,
591,"He'll stop at nothing to avoid them!","Did you hear about the mathematician who hated negative numbers?",10,10,7,
592,"He worked his problem out with a pencil.","Did you hear the one about the constipated mathematician?",7,10,7,
593,"He who runs in front of car will get tired. He who runs behind car will get exhausted.","Wise man once say...",5,5,2,
594,"he was two-tired...","Why didn't the bicycle cross the road?",8,2,6,
595,"He was too *far out*!","Why did the hippie drown?",8,2,5,
596,"He was told to draw the curtains before going to sleep.","Why did the boy take a pencil and paper to bed?",2,10,5,
597,"He was sappy","Why did the girltree fall in love with the boy tree?",3,4,4,
598,"He was Pro-Bono","Did you hear about the lawyer for U2?",5,6,2,
599,"He was outstanding in his field.","Why did the scarecrow win the Nobel prize?",9,8,5,
600,"He was on the No Fry list.","Why was the healthy potato not allowed on the plane?",10,1,3,
601,"He was misled.","How did the metal get the wrong idea?",7,6,1,
602,"He was impeached!","What happened to the tyrannical fruit?",1,9,1,
603,"He was hopped up on easter eggs.","Why did the rabbit go to rehab?",1,1,3,
604,"He was held without charge.","Did you hear about the neutron who was arrested?",1,2,10,
605,"He was delighted.","How did the desk lamp store manager feel when thieves stole all his lightbulbs?",1,10,9,
606,"He was de-lighted","How did the firefly feel when he flew into the fan?",1,8,4,
607,"He was a little horse.","Why couldn't the pony sing?",8,6,4,
608,"He was a body-builder","What was Dr Frankenstein's second job?",3,2,10,
609,"He wants to get ruff","Why does the dog go to the gym?",4,9,7,
610,"He wanted to transcend dental medication.","Why did the buddhist refuse novocaine when he went to get a tooth pulled?",8,5,6,
611,"He wanted to see time fly.","Why did the boy throw a clock out the window?",1,9,6,
612,"He wanted to see time fly!","Why did the man throw his watch out the window?",4,3,7,
613,"He wanted to go to high school.","Why did the boy take a ladder to school?",6,4,7,
614,"He wanted to buy stock options.","Why did the chef invest in chicken and cow bones?",7,7,3,
615,"He uses his Donkey Tongs.","What does Mario use to get his hot dogs off the grill?",5,1,3,
616,"He uses a cacti-lator!","How does a cactus do his math homework?",8,7,8,
617,"He tossed and turned all night wondering if there was a dog","Have you heard the one about the agnostic with dyslexia and insomnia?",3,3,4,
618,"he told me he regrets ever replacing the steps with an elevator.","I saw a middle aged man staring at a picture of his very first steps. With tears in his eyes",5,2,5,
619,"he thought his life was THE WURST.","There was a depressed sausage...",7,3,10,
620,"He sold them for a buccaneer.","How much did the pirate charge for corn?",9,7,1,
621,"He says Ow","A man walks into a bar...",9,4,9,
622,"He sawdust.","What was the allergic 2X4's terrifying hallucination?",1,9,1,
623,"He saw the apple turnover.","Why did the jellyroll?",10,10,8,
624,"he said he's wet his pants in nearly every nation in the world.","My brother said he's incontinent. Yeah",8,8,2,
625,"He said he was in town to shoot a pilot.","Why was the actor detained by airport security?",10,4,7,
626,"He pasta way.","Did you hear about the Italian chef that died?",7,5,2,
627,"He never does it with a four-in (foreign)-hand.","Why didn't the Duke of Windsor let his French servant help him tie his tie?",5,3,6,
628,"He needed a Chech mate!","Why did the chess master order a Russian bride?",10,6,6,
629,"He lost the huile d'olive","Did you hear about the French chef who committed suicide?",5,3,2,
630,"he lost interest","Why did the banker leave his job?",9,3,9,
631,"He lost his filling!","Why did the twinkie go to the dentist?",4,4,1,
632,"He impersonated a Tootsie.","Why do Hutus hate Dustin Hoffman?",3,6,3,
633,"He had to join a support group since he couldn't handle his boos.","What happened to the ghost who couldn't scare?",8,3,8,
634,"He had paws-able deniability.","Why did the puppy get away with committing murder?",5,5,5,
635,"He had no body to go with.","Did you hear about the skeleton who didn't go to prom?",3,3,2,
636,"He had no body to go with.","Why did the skeleton not attend prom?",4,4,3,
637,"He had no *body* to go with","Why didn't the skeleton go to the party?",10,8,6,
638,"He had a reptile dysfunction.","Why couldn't the alligator satisfy his lover?",6,8,9,
639,"He had a dickens of a time with spirits.","Did you hear about Scrooge's drinking problem?",5,5,10,
640,"He had a bambooboo. Aonther one from my 9 year old.","Why was the panda crying?",10,2,8,
641,"He got stuck in a jam.","Why was the apricot late to the party?",4,1,10,
642,"He got impeached!","What happened to the tyrannical peach?",4,6,9,
643,"He got clucky.","Why was the rooster happy after his trip to Vegas?",6,3,1,
644,"He got a little behind in his work.","Did you hear about the butcher who backed into the meat grinder?",8,9,8,
645,"he got a little behind in his work","What happened to the butched after he backed into the meat grinder?",2,7,7,
646,"He forgot to pack his trunk.","Why did the elephant turn around in the airport and go home?",6,5,4,
647,"He fell into it.","How did the geologist develop a career as an expert in sinkholes?",3,7,6,
648,"He drove people bananas!","Why did the grocery delivery guy get fired?",9,4,9,
649,"He doesn't believe women should get above secretary","Why did Trump insist on Hillary Clinton as Secretary of state?",4,10,5,
650,"He discovered he was a tad Polish.","A frog decided to trace his genealogy one day...",3,1,9,
651,"He didn't have the right jam.","Why did peanut butter flop at the talent show?",3,9,2,
652,"He didn't have a Gar","Why didn't the fisherman go to Florida to fish for long jawed fish with rows of razor like teeth?",6,1,9,
653,"He couldn't take any more of my crap. Sorry that this isn't a CLEAN joke. Heh","My plumber finally quit on me...",3,2,2,
654,"He couldn't help but hear invoices inside his head.","Did you hear about the schizophrenic accounts manager?",8,3,4,
655,"He could never seem to get ahead in life.","Why was the Headless Horseman depressed?",7,7,1,
656,"He conditioned it.","Why was Pavlov's hair so soft?",1,4,9,
657,"He castanet","How did the musician catch his fish?",10,2,5,
658,"He always throws the punch.","Why should you never invite a boxer to a party?",4,9,3,
659,HashTag!,"Why were the breakfast potatoes running around hitting each other?",1,5,6,
660,"Happy halloweenie","What did the butcher say when he handed his customer an empty pack of hotdogs on halloween?",2,9,9,
661,"hamburglar helpler","What do you call the Hamburglar's accomplice?",2,5,7,
662,Halfway.,"What do you get when you cross the Atlantic with the Titanic?",9,4,10,
663,"Guy who collects legs.","What has two arms and 14 legs?",4,8,2,
664,"Guardians of the Galaxy.","What do you call a group of security guards in front of a Samsung store?",2,7,7,
665,"Guardians of the Galaxy","What do you call security guards working outside Samsung shops?",2,6,4,
666,"Ground beef.","What do you call a cow with no legs?",2,4,1,
667,"Ground beef.","What do you call a cow with no legs?",1,10,2,
668,"Ground beef.","What do you call a cow with no legs?",9,4,1,
669,"Ground beef!","What do you call a cow with no legs?",6,7,2,
670,"Ground beef!","What do you call a cow with no legs?",6,9,8,
671,"great headphones on planes is heavier than flying over TEAs","I said bring your coffee maker whenever you want Them",4,9,5,
672,GRAAAIIINSSS!,"What do vegan zombies eat?",5,8,7,
673,GRAAAAINS,"What do vegan zombies eat?",2,4,8,
674,Graaaaains!,"What do vegan zombies eat?",3,2,9,
675,Gorgonzola.,"What's Medusa's favorite kind of cheese?",1,4,6,
676,"Giant Fish Tanks.","How did the aquarium win the battle?",2,4,9,
677,"Gets jalapeno business!","What does a nosey pepper do?",3,6,3,
678,"get in the car","What did batman say to robin before robin got in the car?",6,9,4,https://i.pinimg.com/564x/f8/d7/ef/f8d7ef9a3583d69e613aa649f2f28176.jpg
679,"Get Anubis.","What do Egyptians do when their mass transit breaks down?",10,10,9,
680,"Get a life' on them. Demetri Martin","This summer I'm going to go to the beach and bury metal objects that say",9,10,1,
681,gerMANY,"How many goals did Germany score?",7,5,7,
682,fsh,"What do you call a fish with no eye?",10,5,3,
683,Fryday.,"Which day do chickens fear most?",6,2,10,
684,"From a distance they look like hares!","Why did the bald man draw rabbits all over his head?",6,1,1,
685,"Friday by Rebecca Black","What song can never be played on #throwback Thursday?",1,10,4,
686,"French Flies!","What side dish do frogs like to enjoy with their hamburgers?",8,2,3,
687,Free.,"I like my slaves like I like my coffee",6,3,10,
688,Frank,"What did the hot dogs name their child?",10,9,7,
689,Fourba!,"What is tuba plus tuba?",5,1,6,
690,FOUR!,"How many golfers does it take to change a light bulb?",8,10,1,
691,"For using *fowl* language.","Why was the chicken kicked out of class?",1,7,1,
692,"For raisin bran awareness.","Why do they make Raisin Bran commercials?",2,2,10,
693,"for obvious reasons.","I'm naming my TV remote Waldo",6,7,1,
694,"For Drizzle","Why does Snoop Dogg use an umbrella?",6,6,9,
695,"Fo' drizzle.","Why does a rapper need an umbrella?",9,2,4,
696,Fo-Drizzle,"Why does Snoop Dog carry and umbrella?",7,10,10,
697,"FLAC jackets","What kind of jackets do Audiophiles wear?",4,10,7,
698,Flabio,"What do you call an Italian romance novel model who's let himself go?",3,8,10,
699,"Fish and ships.","What do sea monsters eat?",9,2,4,
700,"Fine. They will just be burnt on one side.","What did the mom say to her son when he said he didn't want any of her flippin' pancakes?",10,1,4,
701,"finally I had to take his bike away.","My dog used to chase people on a bike a lot. It got so bad",9,10,3,
702,"Fez dispenser.","What do you call a Moroccan candy distributor?",2,2,6,
703,Fax.,"What do you call a truthful piece of paper?",5,2,5,
704,"Faux Paws","What do the French call artificial feet for cats?",10,5,10,
705," it's not my fault you don't have windows","A man walks into an apple store and farts every one is really angry and there all shouting so he says:",1,6,3,
706,Faithbook,"What do you call a social media platform designed for religious people who also have speech impediments?",4,4,7,
707,Eye-fi.,"What do you call it when Google Glass connects to the internet?",1,3,3,
708,Ewoks,"How does Han Solo like to get around Endor?",2,5,2,
709,Everywhere.,"Where did Sally go after the explosion?",8,5,1,
710,"Everything. I'm a dog.","What's gray and all around?",8,3,6,
711,"Everything he said was troo","Why did everyone trust the marsupial?",8,10,8,
712,"Everyone knows melons cantaloupe.","Why couldn't the melons be together?",2,3,7,
713,"Even the cake was in tiers.","Just went to an emotional wedding",5,8,10,
714,"ell if I know wot to call it!","What do you get when you cross an elephant and a rhino?",3,4,4,
715,"Elephants Gerald","What do you call a pachyderm that sings jazz?",7,4,8,
716,Elementary,"What type of school did Sherlock Holmes go to?",6,8,6,
717,Eileen,"What do you call a woman with one leg?",6,1,6,
718,Econoclasts.,"What do you call Protestants who want to save a dime?",3,9,10,
719,"Eclipse it.","How does the man in the moon cut his hair?",7,1,3,
720,"Echosystems. From my 9 year-old.","What do caves have?",7,3,4,
721,Dung.,"What's brown and sounds like a bell?",8,5,4,
722,Dublin.,"In what town lives the mathematician who can only multiply by two?",2,5,2,
723,"Dr. Dre","What's brown and rhymes with Snoop?",8,5,10,
724,"Dr. Dre","Whats brown and rhymes with snoop?",5,8,5,
725,"Dr Dre","whats brown and rhymes with snoop?",3,8,2,
726,"Doyouthinkhesarus (Credit goes to whoever submitted that to the Coffee News)","What do you call a one-eyed dinosaur?",10,8,10,
727,"Doorbell technician.","Knock knock. Who's there?",9,2,1,
728,"Don't read it!","Just wrote a book on reverse psychology...",7,1,1,
729,"Don't look at me I'm changing.","What did the traffic light say to the car?",6,5,8,
730,"Don't bother me; I've got my own *problems!*","What did one math book say to the other?",9,10,7,
731,"Don't bother he's not coming.","What do you call a dog with no legs?",2,9,4,
732,DOGerpillars!,"What are caterpillars afraid of?",5,10,3,
733,"Disco Stew!","What did the host serve his guests for The Simpsons marathon night?",10,5,8,
734,"Dinners on me","What the plate say to the other plate?",4,1,1,
735,"denim denim denim!","Whats Marios favorite type of jeans?",4,5,2,
736,"Denim Denim Denim","What kind of pants does Super Mario wear?",6,8,5,
737,"Denial. Myself included.","What state do most people live in?",10,6,1,
738,"Deja Moo!","What did the cow say when it saw the farmer twice in one day?",2,6,5,
739,"Defunct funk.","What do you call the James Brown songs no one listens to?",3,7,7,
740,Decomposing,"What is Mozart doing right now?",4,6,1,
741,Decaffeinated,"What do you call a cow that just gave birth?",5,1,2,
742,Deadpan.,"What's an oven's favorite comedy routine?",4,9,9,
743,"Dam(n) !!!","What did fish say when she hit the wall ?",5,9,9,
744,Dam.,"What did the fish say when it hit the wall?",7,1,10,
745,Dam.,"What did the fish say when it swam into the wall?",5,2,1,
746,Dam,"What did the fish say when it hit the concrete wall?",2,5,10,
747,Dam,"What did the fish say when it hit the wall?",1,4,6,
748,Dam,"What did the fish say when it ran into the wall?",10,2,5,
749,czech-e-cheese,"What do you call an arcade in eastern europe?",10,4,6,
750,"Curt 'n Rod","What do you call two guys above a window?",10,6,8,
751,"Curses! Foil again!","What did the Tin Man say when he got run over by a steamroller?",1,10,2,
752,"Curses! Foil again!","What did the Tin Man say when he got run over by a steamroller?",6,8,7,
753,Curry-er.,"What do you call the delivery boy at an Indian restaurant?",9,5,2,
754,"Course a can.","Can you tell me what you call a person from Corsica?",2,5,1,
755,Counterfitz,"What do you call people who pretend to be Irish on St. Patrick's Day?",5,7,4,
756,Cosmos.,"What was Carl Sagan's favorite drink?",2,8,2,
757,"Cos they like to walk around in their bear feet.","Why don't bears wear boots?",9,2,1,
758,"Cos they got big fingers.","Why do gorillas have such big nostrils?",7,7,3,
759,"Congee-gal visit","What do you call it when your wife brings you rice porridge in prison?",1,6,3,
760,"common cents.","More retailers should adopt the Leave A Penny / Take A Penny system. It is literally",3,9,1,
761,"Coincidence on 34th Street","What's an atheist's favorite Christmas movie?",3,2,2,
762,Cock-a-doodle-moo!,"What do you call a chicken crossed with a cow?",8,6,6,
763,"Cleveland Rocks!","What does Drew Carey have in his driveway?",6,7,7,
764,"classical conditioning.","why was Pavlov's hair so soft?",4,5,10,
765,civilwar,"What happens when a spoon and fork get into a fight?",8,9,6,
766,"Christian Bale.","What do you call it when Batman skips church?",9,7,4,
767,"Christian Bail.","What do you call Batman skipping church?",1,5,3,
768,"China get something done.","What do you call a productive Asian?",9,2,2,https://mlhopaleb4c9.i.optimole.com/ysuoie4-skbKb70H/w:auto/h:auto/q:mauto/f:avif/https://www.easonmusicschool.com/wp-content/uploads/80cm-chao-gong-1024x1024-1.jpg
769,Cherry-atric,"What do you call an old fruit-picker in Wisconsin?",1,7,7,
770,"charged with battery.","Breaking news! Energizer Bunny arrested",3,6,10,
771,Chardaneiiiiiiggghhhhh,"What did the horse order at the bar?",7,8,8,
772,"Changing attire.","What was the car doing in the dressing room?",5,8,6,
773,"cause they're usually laced","You've got to really be careful when ingesting shoes...",2,6,4,
774,"Cause they're the holy part of the donut!","Why does the Pope only eat munchkins?",4,1,3,
775,"Cause they kept Roman around!","You know why ancient Greek children were always getting lost from their parents?",9,2,9,
776,"Cause he wasn't really on your side.","Why did the Spy cross the road?",2,10,10,
777,Cattleacs,"What cars do cows drive?",7,6,9,
778,"Carrion my wayward son","What do you get when you cross Kansas with a vulture?",2,8,4,
779,CAPITALISM,"What's the loudest economic system?",8,1,3,
780,Cantelope,"What do you call an antelope that wants a big wedding?",8,8,7,
781,Cantelope,"What fruit do Romeo and Juliet eat?",5,9,8,
782,Cantaloupe.,"What type of melon would Romeo and Juliet have been?",1,9,1,
783,Camembert!,"What cheese do you use to get a bear out of a tree?",3,4,7,
784,"call 555-bottom-feeders. We will do anything for money.","Have you been injured in a car accident?",8,6,5,
785,Cairo-practor.,"What do you call an Egyptian bone-setter?",2,6,6,
786,"but you can't tuna fish!","You can tune a guitar...",7,10,1,
787,"but three lefts make a right. And two Wrights make a plane 6 lefts make a plane.","Two wrongs don't make a right...",4,6,4,
788,"But they don't fly very well.","I would make a sparrow joke...",6,4,4,
789,"but the cost of overheads was too high.","I thought about starting a business selling halos",1,10,2,
790,"But numbers can 4/10","Words can't possibly describe how beautiful you are...",1,9,10,
791,"but not on porpoise.","I tried dolphin once...",10,7,5,
792,"but none of them work.","I have a lot of jokes about the unemployed",3,7,10,
793,"but it was too saucy.","I wanted to put a pizza joke here ...",8,7,8,
794,"but it was really kinda sluggish.","I took the shell off a snail yesterday, you'd think it would move faster...",6,10,4,
795,"But it entailed too many ramifications!","My uncle wanted to give all his sheep a sex change...",2,8,1,
796,"But I don't think it was warranted.","My friend told an out of place joke about police searches.",5,9,2,
797,"but I cant find any original recordings. All the music is performed by cover bands.","Im trying to get into classical music",4,3,1,
798,"But he ate his heart out.","There once was a jealous zombie...",4,7,9,
799,"but could only hold enough for 24 hours at a time. so every morning he had to charge it with a salt and battery.","A police officer bought a robot this robot was fueled by sodium and alkaline",2,3,7,
800,"Bunny Farts.","What is invisible and smells like carrots?",5,8,4,
801,"Bunny farts.","What's invisible and smells like carrots?",9,4,1,
802,"Brushing your teeth","What do you call thrusting a hairy rod in and out of your mouth really fast then afterwards spitting out a white liquid?",6,4,5,
803,Brown-chichen-Brown-cow,"What do you call it when you dip poultry and beef in chocolate?",5,2,3,
804,"Breathe you idiot! Breathe!","What did the green grape say to the purple grape?",8,6,10,
805,"Bread in captivity.","What do you call a loaf baked in a zoo?",5,7,2,
806,Boobies.,"What kind of bees make milk?",8,10,3,
807,"Boo Jeans","What kind of jeans do ghosts wear?",5,10,5,
808,"Bob Marley and The Whalers!","What is Captain Ahab's favorite reggae band?",5,5,9,
809,"Blue paint","Whats blue and smells like red paint?",2,3,6,
810,"Blue paint","Whats blue and smells like red paint?",9,10,2,
811,Bison,"What did the buffalo say to his son when he left for college?",9,2,4,
812,Bison,"What did the Buffalo say when his child left for college?",1,5,8,
813,Bison,"What did the dad buffalo say when his offspring left for college?",6,7,7,
814,"Big Fan.","Have you heard what I think of windmills?",6,7,2,
815,"Beep Boop Bop!","What is robot jazz called?",2,3,3,
816,"Beef jerky","What do you call a cow with a twitch?",3,3,1,
817,"Because you can't tune a fish. Say it outloud if you don't get it. I made this one up in first grade IIRC.","Why do fish always sing off key?",8,10,4,
818,"Because you already know who it's isss! My little sister told me this joke.","Why didn't Silento knock before coming inside?",2,3,5,
819,"Because to them love means nothing.","Why don't tennis players get married?",6,5,1,
820,"Because they're so easy to catch!","Why are colds such bad robbers?",2,9,5,
821,"Because they're shiftless.","Cars Why do lazy people only drive automatics?",10,3,9,
822,"Because they're made of a mean ol' acids.","Why are proteins so cranky?",3,1,2,
823,"Because they're jerks.","Why do Jamaican chickens make fun of all the other chickens?",4,10,8,
824,"Because they're infeggtious","Why are jokes about rotten eggs banned?",5,5,10,
825,"Because they're all dead.","Why can't you hear it when a pteranodon goes to the bathroom?",2,6,4,
826,"Because they're afraid of Wales","Why don't you see penguins in Britain?",10,9,10,
827,"Because they were trained.","Why are locomotive drivers so good at driving locomotives?",8,2,1,
828,"Because they only have one *tale*","Why are cats bad storytellers?",3,3,7,
829,"Because they have trans-sisters.","Why don't robots have any brothers anymore?",6,4,3,
830,"Because they have their own scales!","How does a fish always know how much they weigh?",7,4,5,
831,"Because they have BOOOOgers.","Why do ghosts carry tissues?",3,10,7,
832,"Because they have a high turnover rate.","Why should you never invest in bakeries?",5,9,4,
833,"Because they find the components of one's stomach very intestine.","Why do Gastroenterologists have such a passion for their job?",1,8,9,
834,"Because they dress in lairs.","Why don't Bond villains feel cold in the winter?",8,7,3,
835,"Because they don't C#","Why do Java developers wear glasses?",10,7,9,
836,"Because they couldn't drum up enough support.","Why would no one listen to the percussion section?",2,5,10,
837,"Because they cantaloupe!","Why don't melons ever run away and get married?",4,2,3,
838,"Because they can't stand fast food!","Why do the French like eating snails?",1,1,6,
839,"Because they built their stuff with reads!","How do you know ancient Egyptians loved books so much?",4,5,6,
840,"Because they are always up to something.","Why should you leery of stairs?",1,2,3,
841,"Because they are a little meteor","Why do space rocks taste better than earth rocks?",3,8,9,
842,"Because they *can't even*!","Clean joke about sorority girls Why do sorority girls only travel in odd numbered groups?",8,10,9,
843,"Because there's too many CHEETAHS!","Do you know why there's no casinos in Africa?",6,10,1,
844,"Because there might be an Italian dressing.","Why should you always knock before opening the refrigerator?",4,3,3,
845,"Because there is only one B in Belgium","Why is there very little honey in Belgium?",5,6,9,
846,"because then it would be a foot!","Why don't you want your nose to be 12 inches long?",7,1,10,
847,"Because their jokes are told post-humorously!","Why do zombies always kill at comedy clubs?",6,8,2,
848,"Because their horns don't work.","Why do cows wear bells?",4,10,5,
849,"Because their heads are so far away from their bodies.","Why are giraffes' necks so long?",2,1,3,
850,"Because the spider spied her.","Why did the fly fly?",9,1,1,
851,"Because the P is silent","Why can't you hear a pterodactyl go to the bathroom?",3,10,3,
852,"because the p is silent","Why can't you hear a pterodactyl in the bathroom ...",7,8,10,
853,"Because the ones she was using made everything blurry.","Why did the woman buy new wine glasses?",9,7,6,
854,"Because the octopus was well armed.","Why did the octopus beat the shark in a fight?",2,8,1,
855,"Because the cow has the udder!","Why does a milking stool have only three legs?",6,2,1,
856,"Because the cons outweighed the prose.","Why did the scale decide that the scam artists were heavier than the novels?",5,1,7,
857,"Because the chicken didn't exist.","Why did the dinosaur cross the road?",6,2,7,
858,"Because the *p* is silent","Why can't you hear a pterodactyl use the restroom?",5,6,1,
859,"Because that would be grounds for termination!","Why shouldn't you have coffee while on the clock?",7,6,5,
860,"Because seven eight nine.","Why is Yoda afraid of seven?",3,4,4,
861,"Because she was Klaustrophobic!","Why couldn't the woman date a German man?",10,9,5,
862,"Because she cant-aloupe","Why did the melon try so hard to get her father's approval?",4,10,10,
863,"Because she always ran away from the ball &lt;p&gt; My favorite joke since I was little","Why was Cinderella banned from playing sports?",6,7,7,
864,"Because pepper would make them sneeze!","Why do sharks swim in salt water?",2,10,6,
865,"Because of the silent P.","Why can't you hear a pterodactyl urinate?",2,5,7,
866,"Because of his dis-ability.","Why did the rap battle champion get the most spacious and accessible seat on the bus?",2,6,1,
867,"Because n always has to be the center of attention.","Why do abcdefghijklmopqrstuvwxy &amp; z hate hanging out with the letter n?",3,1,1,
868,"Because manholes are round.","Why are manhole covers round?",4,7,10,
869,"Because just one more and it would be two-farty","Why are there only two hundred and thirty nine beans in a bowl of bean soup?",1,3,7,
870,"because its too far to walk!","Why do birds fly south for the winter?",9,4,6,
871,"Because it's two tired.","Why does a Bicycle have a kickstand?",7,6,6,
872,"Because it's not going anywhere.","Why is it a bad idea to get in a relationship with a statue?",4,3,7,
873,"Because it's capital is always Dublin.","Why is Ireland the richest country in the world?",5,3,7,
874,"Because it'll gobble up everything.","Why don't you want a turkey at your thanksgiving dinner?",3,6,2,
875,"because it was two-tired.","why didn't the bicycle cross the road?",6,3,5,
876,"Because it was two-tired","Why did the bicycle fall over?",7,9,6,
877,"Because it was two tired!","Why did the bicycle fall over?",8,4,3,
878,"because it was negi","why didn't the american leek want to talk to the japanese leek?",3,6,4,
879,"Because it was mugged.","Why did the coffee file a police report?",1,3,3,
880,"Because it was down hill!","Why did the chicken soup cross the road?",1,5,1,
881,"Because it was always getting set! I think she gets it from her mother.","My daughter hit me with this one while preparing for dinner Why did the table love playing volleyball?",4,4,3,
882,"Because it was a wrapped scallion.","Why did the packaged green onion get into trouble?",2,9,5,
883,"Because it was a Patriot Blaze","Why did the SSD burn a flag?",7,8,2,
884,"Because it was a Greyed School. I woke up with this joke in my head this morning. I think my brain is trying to kill me with horrible puns.","Why was the school grey?",4,2,7,
885,"Because it was a freight!","Why didn't the cargo ship want to leave the bay?",7,9,1,
886,"Because it wanted autumnomy","Why did the Fall break off from all the other seasons?",5,8,7,
887,"Because it scares their dogs too much!","Why don't blind people skydive?",4,3,9,
888,"Because it scares the dog.","Why don't blind people like to skydive?",3,8,7,
889,"Because it saw the salad dressing.","Why was the tomato blushing?",6,4,10,
890,"Because it saw the salad dressing!","Why was the tomato blushing?",9,1,10,
891,"Because it saw the salad dressing","Why did the tomato turned red?",3,1,10,
892,"because it saw the salad dressing","Why did tomato blush?",4,2,3,
893,"Because it LED THE WAY! I'm on a roll here! this is fun! ~Skip","Why did the paper follow the pencil?",2,7,1,
894,"Because it held a pair of pants.","Why was the belt locked up?",4,10,2,
895,"Because It has more geese in it!","Do you know why one side of the the V formation of geese in flight is longer than the other side?",5,6,2,
896,"Because it got fired!","Why did the bullet stay home?",7,10,3,
897,"Because if it had four it would be a chicken sedan!","Why does a chicken coop have two doors?",1,9,5,
898,"Because I'm all about those gains bro","Did I tell you I'm joining a gym in Gainesborough?",7,10,8,
899,"Because his mother was in a jam.","Why did the strawberry cry?",8,6,2,
900,"Because his flows were so sick.","First original joke! Why did the rapper visit the urologist?",10,3,2,
901,"Because his daddy was a mummy","Why was the Egyptian kid confused?",8,9,1,
902,"Because he's lack-toes intolerant.","Why couldn't Joe be friends with a double-amputee?",5,5,3,
903,"Because he was very knotty.","Why did the rope get put in timeout?",6,9,7,
904,"Because he was telling bad yolks!","Why was the egg kicked out of the comedy club?",9,2,6,
905,"Because he was outstanding in his field!","Why was the scarecrow promoted?",3,8,5,
906,"Because he was outstanding in his field","Why was Farmer Bob so good at his job?",9,8,3,
907,"Because he was in love with a cantaloupe.","Why did the melon get married in a church?",7,1,1,
908,"Because he was Baroque.","Why couldn't Bach pay for his dinner?",4,2,9,
909,"Because he was always lost at C.","Why couldn't the pirate learn the alphabet?",4,6,7,
910,"Because he was always cited as the Anthony hero.","Why did no one ever consider Tony Stark (the Iron Man) a protagonist?",5,3,7,
911,"Because he was absolutely ribbeting!","Why were the treefrog's stories always so attention grabbing?",1,2,5,
912,"Because he was a light sleeper.","Why did the dog sleep on the chandelier?",5,3,1,
913,"Because he wanted to transcend dental medication.","Why did the Buddhist monk refuse Novocain?",3,1,2,
914,"Because he wanted to learn how to make a van go!","Why did the mechanic go to art school?",9,8,7,
915,"Because he tasted funny.","Why did the lion spit out the clown?",2,2,7,
916,"because he lost interest.","Why did the mortgage broker go out of business?",9,2,5,
918,"Because he is an erascist.","Why does Mr. Pencil hate Mr. Pen so much?",6,5,7,
919,"Because he has a million of degrees.","Why doesn't the Sun go to college?",6,7,9,
920,"Because he had hives.","Why did the bee go to the doctor?",7,4,5,
921,"Because he had bat breath","Why did the vampire use mouthwash?",5,3,2,
922,"Because he got a hole in one!","Why did the golfer need to buy a new pair of socks?",6,6,3,
923,"Because he found out his friends thought he was a little crabby!","Why was the lobster upset?",1,4,10,
924,"Because he drank it before it was cool.","Why'd the hipster burn his mouth on his coffee?",4,10,6,
925,"Because he didn't want to be a hot dog.","Why did the dog go into the water?",9,7,5,
926,"Because he didn't have the guts!","Why couldn't the skeleton cross the street?",8,1,6,
927,"Because he couldn't get a date!","Why did the strawberry go out with the pineapple?",2,10,6,
928,"Because he couldn't find a date!","Why did the raisin take the prune to the new year's ball?",8,7,3,
929,"Because he could only make 14 point turns.","Why did Woodrow Wilson take a long time to turn around?",7,3,1,
930,"Because he bruises like-a Peach!","Why does Mario hate Punchbug?",3,7,7,
931,"Because *pepper* makes them sneeze!","Why do fish live in salt water?",3,1,4,
932,"Because 'Illinois you!","Why don't you want to hang out with a dude from Chicago?",10,1,2,
933,Beautiful,"What do you say to the Montana barista when they overfill your chamomile?",8,4,4,
934,bath!!!,"I heard she accidentally spilled her chocolate milkshake on her white poodle- -knick knack paddy whack give the dog a...",7,1,3,
935,"baseball players who have three strikes.","Shout out to",2,10,2,
936,"Barq's Root Beer.","What kind of soda do dogs drink?",2,1,5,
937,bananas!,"Time flies like the wind. Fruit flies like...",1,1,9,
938,"Bacon and scrambled leggs.","What do you get when you cross a pig and a spider?",8,6,4,
939,"Back achoo!","What did one nose say when the other nose said I love you?",5,7,9,
940,"BAAAACH BACH BACH BACH","Who was the chicken's favorite musician?",8,1,10,
941,BA-NA-NA-NA!,"What was Beethoven's favorite fruit?",6,10,7,
942,"ba-dum tss","Two drums and a cymbal fall off a cliff...",9,6,8,
943,"Ba dum ship.","How do sailors finish a corny joke on a boat?",8,9,1,
944,"B flat.","What did music tell the pancakes?",7,2,9,
945,"Aww shucks!","What did the corn say when it was complemented?",1,8,3,
946,Auuuuuuuuuuuuudis!,"What cars do wolves drive?",9,9,3,
947,"Autumn Leaves.","What Johnny Mercer song does December 21st remind you of?",10,6,4,
948,Aurochnophobia.,"What do you call a fear of horned bovines?",1,8,2,
949,"Audi *tips hat*","What kind of car did the German cowboy purchase?",7,10,4,
950,"Attempted murder.","What do you call two crows?",2,4,10,
951,"At the university.","Where did the universe attend college?",3,8,8,
952,"At the SPACE BAR! reddit is fun! I'm staring at the keyboard tryin' to think up a joke and voila'!","Where does the thumb meet its type?",8,3,5,
953,"At the snowball!","Where do snowmen dance?",8,1,9,
954,"At the bank.","Where does a river keep it's money?",9,1,8,
955,"Asks for a beer and a mop.","A skeleton walks into a bar...",1,10,3,
956,"as a reagent.","Other uses for chloroform 1) A great conversational piece when talking to the cops about using it 2) Make the day go by faster 3) And finally",4,4,10,
957,"are pointless.","Broken pencils",3,6,1,
958,"are just too tense!","One fifth of people",3,9,8,
959,Arcane-gel!,"What mysterious hair product does Lucifer use to keep himself looking good?",8,4,6,
960,"Anything you want to - it can't here you!","What do you call a stegosaurus with carrots in its ears?",8,3,6,
961,"anything with curry in it.","What kind of dish does LeBron like?",8,2,9,
962,"and then it hit him.","Max wondered why the ball was slowly growing larger...",10,2,4,
963,"and pulled a mussel.","I went to a seafood disco last week",8,5,4,
964,"and every now and then it falls apart.","I just bought a Bonnie Tyler sat-nav. It keeps telling me to turn around",2,5,1,
965,"An orbyte","What's it called when a planet orbits its sun 8 times?",1,8,1,
966,"An Official.","What do you call a fish who works for the government?",4,10,9,
967,"an Invisigoth.","What do you call a barbarian you can't see?",6,1,2,
968,"An Investigator!","What do you call an alligator with a vest?",4,4,4,
969,"An investigator","What do you call an alligator in a vest?",5,4,1,
970,"An Indian goo roo","What have you got if your pet kangaroo gets into molasses and Indian curry?",5,1,8,
971,"An Impasta","What do you call a fake noodle?",2,9,7,
972,"An immigraint.","What do you call a slice of bread from another country?",3,2,10,
973,"an EXcavator","What do you call a cavator that isnt a cavator anymore?",4,5,8,
974,"An astronut.","What do you call a cashew in space?",4,6,5,
975,"An arm and a leg.","How much did the skeleton charge for his excellent legal services?",1,2,7,
976,alter-eggos,"what does clark kent have for breakfast?",1,4,10,
977,"Alpaca lunch!","What did the llama say when asked to a picnic?",10,10,2,
978,"All they said was Bach","Why did Beethoven get rid of his chickens?",6,6,10,
979,"All of them.","How many apples grow on a tree?",9,7,7,
980,"All his beers had a lot of hops","why was the rabbit promoted to brewmaster?",7,5,10,
981,Albacoreque.,"What is a tuna's favorite city?",2,6,8,
982,"about a buck an ear.","How much do pirates pay for earrings?",1,7,5,
983,"About 1500 miles.","What is the difference between a Siberian husky and an Alaskan husky?",5,6,6,
984,"Abby. Abby who. A bee has stolen my wallet. (I will show my self out)","Knock knock Who's there?",6,7,4,
985,"A) Rabbyte!","Q) What do you call a group of 8 rabbits?",1,3,4,
986,"A) NapKin","Q)What will you call a person who sleeps next to a close relative?",4,7,8,
987,"A Yeast Infection","How did the Pillsbury Dough Boy Die?",2,2,2,
988,"A white horse fell in the mud.","Wanna hear a dirty joke?",6,3,8,
989,"A white horse fell in a mud puddle.","Wanna hear a dirty joke?",5,8,4,
990,"A washing machine","What is agitated buy joyful?",4,6,8,
991,"A walk.","What do you call a fly with no wings?",10,9,1,
992,"A waggin'","What's a dog's favorite mode of transportation?",9,5,1,
993,"A vegitaryan","What do you call a white supremacist who doesn't eat meat?",4,7,8,
994,"A Tryptophanatic.","What do you call a Jihadist that loves turkey?",7,6,1,
995,"A synonym roll.","What does a thesaurus eat for breakfast?",1,1,7,
996,"A sub-woofer","What do you call a dog in a diving bell?",6,1,2,
997,"A stick.","What's brown and sticky?",9,2,3,
998,"a stick!","whats brown and sticky?",2,9,10,
999,"A Stick","What do you call a boomerang that doesn't come back?",1,10,8,
1000,"A stick","What's brown and sticky?",5,9,10,
1001,"A stick","What's brown and sticky?",7,8,3,
1002,"a stick","Whats brown and sticky?",1,6,6,
1003,"A spock plug.","What does a Vulcan lawnmower need to function?",6,2,3,
1004,"A sneaker.","What do you call someone that steals shoes?",7,8,2,
1005,"A snapshot.","What do you get when you cross a crocodile with a cartridge?",2,7,2,
1006,"A small medium at large!","What do you call a midget psychic that broke out of prison?",4,9,6,
1007,"A small medium at large","What do you call a midget psychic who just escaped from prison?",9,3,3,
1008,"A skeleTon","How much does a truck full of bones weigh?",5,4,8,
1009,"A seasoned veteran.","What do you call an old soldier who has been sprinkled in salt and pepper?",1,5,5,
1010,"A ruff terrain.","What do you call a pile of dogs?",7,3,3,
1011,"A Roman Catholic.","What do you call a very religious person who sleep walks?",2,6,8,
1012,"A roamin numeral.","What do you call a number that cant keep still?",7,8,2,
1013,"A right ear. A left ear. And a final front ear.","How many ears does Captain Picard have?",7,2,6,
1014,"A receding hare-line.","What do you call a parade of rabbits hopping backwards?",10,2,8,
1015,"A receding hare line.","What do you call 99 bunnies walking forward and they take one step backwards?",2,4,1,
1016,"A raisin","What do you call a spider with no legs?",5,6,7,
1017,"A raccoonteur.","What do you call an animal that goes through your trash and tells great stories?",4,8,1,
1018,"A quacktor","What does a duck call a tractor?",10,5,2,
1019,"A puddle!","What di you call a snowman in may?",9,7,2,
1020,"A pteredacted.","What do you call a dinosaur FBI agent?",8,2,7,
1021,"A private tutor","What do you call a person who farts in private?",5,9,10,
1022,"A poultrygeist!","What do you call the ghost of a chicken?",9,5,1,
1023,"A potato wedge! (I made this up when I was 9)","What do you get when you sit on a potato?",9,3,7,
1024,"A Poptometrist!","What type of doctor prescribes Coke and 7-up for a living?",6,10,1,
1025,"A pool table.","What's green and fuzzy and can kill you if it falls from a tree?",5,2,4,
1026,"A pitcher filled with margaritas!","Who's bad at baseball but fun at parties?",9,7,5,
1027,"A pigment of your imagination.","What do you call an imaginary color?",7,3,4,
1028,"A penguin.","What kind of bird can write?",3,4,8,
1029,"A pengrin!","What do you call a happy penguin?",7,1,1,
1030,"A paper jam.","What kind of music does a printer make?",3,10,10,
1031,"A nervous wreck.","What lies at the bottom of the ocean and twitches?",3,3,2,
1032,"A neighbor (naybor for pessimist horses)","What do call a horse that lives near you?",7,4,5,
1033,"a Neck-tarine --From a great co-worker","What is a vampire's favorite fruit?",4,7,8,
1034,"A naybor","What do call a horse that lives near you?",4,4,6,
1035,"A mumble-bee.","What kind of bee can never be understood?",2,5,2,
1036,"A moosecut!","What gun do you use to hunt a moose?",9,7,3,
1037,"A mis-steak.","What do you call beef that's been burned?",6,10,8,
1038,"A Milk Dud.","What do you call a cow that doesn't give milk?",1,10,2,
1039,"A meowtin","What do you call a pile of kittens?",6,7,7,
1040,"A meowtain.","What do you call a big pile of kittens?",9,1,4,
1041,"A melted penguin!","What's grey?",4,6,7,
1042,"A MARSHian","What do you call an alien in a swamp?",10,4,2,
1043,"A mars bar","What is a martian's favourite chocolate?",4,8,9,
1044,"A mare-a-thon.","What do you call a race ran by female horses?",9,5,3,
1045,"A locomotive!","What do you call a Mexican with crazy intentions?",4,1,10,
1046,"A lazy fair goer!","What do you call an economist at an amusement park who is just sitting around?",3,10,9,
1047,"A labracadabrador.","What kind of dog can do magic tricks?",10,7,3,
1048,"A Kami.","What did the American call Karl Marx when a shrine was dedicated to him in Japan?",2,4,8,
1049,"A Hun knee comb.","What do you call the object Attila the Hun uses to brush his leg hair?",9,5,5,
1050,"A Humblebee.","What kind of bee will not take credit for his contributions?",7,4,4,
1051,"A hopeless romaine-tic","What do you call a vegetarian?",2,5,2,
1052,"A hoarse fly.","What do you call a bug that can't talk?",2,4,5,
1053,"A high rise","What kind of house does a stoned loaf of bread live in?",3,4,2,
1054,"A gramma ray","What form of radiation bakes you cookies?",3,3,5,
1055,"A giraffe with a sore throat","What's worse than a centipede with sore feet?",3,7,7,
1056,"A geomeforest.","What do you call a group of Geometry classes?",2,2,1,
1057,"A fsh","What do you call a fish with no eyes?",9,2,1,
1058,"A four chin teller.","What do you call a fat psychic?",2,2,3,
1059,"A four chin teller","What do you call an obese psychic that works at a bank?",2,10,2,
1060,"a flew","What do you call a dead fly?",7,5,5,
1061,"A flat miner.","What do you get when you drop a piano down a mineshaft?",2,3,5,
1062,"A firequacker.","What do you get when you cross a firecracker and a duck?",3,5,3,
1063,"A Finnish line.","What do you call a group of people standing in the arctic circle?",1,6,2,
1064,"a Fartender","What do you call someone who serves smelly drinks?",4,4,7,
1065,"A Dunkin' Donut.","What do you get when you mix Michael Jordan with Donald Trump?",2,4,1,
1066,"A divorce, then she'll only have half of everything.","What do you get for the women who has everything?",1,5,2,
1067,"A ditch.","What gets longer the more you cut it at both ends?",6,4,7,
1068,"A dino-snore.","What do you call a sleeping dinosaur?",6,2,1,
1069,"A Dell","What do you call a singing laptop?",10,6,7,
1070,"A cute angle","What's the most beautiful thing in mathematics?",7,5,1,
1071,"a curse word and a radical interpretation of scripture walk into a bar nothing happened welcome to /r/cleanjokes","a disability",9,8,7,
1072,"A cross.","What do you call a cross between a gorilla and a monkey?",1,10,3,
1073,"A crop top!","What do you call a t-shirt with stalks of wheat on it?",10,5,2,
1074,"a cow saved my life It was bovine intervention.","One time",7,2,8,
1075,"A cottage","What kind of house does cheese like to live in?",1,4,3,
1076,"A common-tater!","What do you call a ubiquitous spud?",5,4,2,
1077,"A Combi nation!","What do you call a group of Combi's?",8,2,6,
1078,"A cloud.","What do you call a sheep with no legs?",6,1,5,
1079,"A cereal killer.","What do you call someone who really loves breakfast?",8,4,7,
1080,"A cat has claws at the end of its paws. A complex sentence has a pause at the end of its clause.","What's the difference between a cat and a complex sentence?",6,8,6,
1081,"a carrot.","what's orange and sounds like a parrot?",2,3,1,
1082,"A carrot","What's orange and sounds like a parrot?",4,4,1,
1083,"A Carrot","What's orange and sounds like a Parrot?",8,10,7,
1084,"A carnivore.","What do you call a car that eats other cars?",5,1,6,
1085,"A candy baa","What do you call a sheep covered in chocolate?",4,5,9,
1086,"A calendar has dates. #foreveralone","What's the difference between me and a calendar?",9,6,3,
1087,"A Cairopractor!","What do you call an Egyptian doctor who works on peoples backs?",6,10,1,
1088,"A bumblegee","What do you call a bee from the wrong side of town?",2,5,3,
1089,"A buccaneer.","How much does it cost for a pirate to get his ear pierced?",3,2,5,
1090,"A buccaneer!","How much does it cost a pirate to get his ear pierced?",10,8,6,
1091,"A buccaneer!","How much does it cost a pirate to pierce his ears?",10,3,2,
1092,"A buccaneer","How much does a pirate earing cost?",6,3,2,
1093,"A broad abroad on a board aboard.","What do you call a woman on a cruise ship in Mexico using the diving board at the pool?",1,3,2,
1094,"A brick.","What's red and bad for your teeth?",4,8,3,
1095,"A brick","What's red and is bad for your teeth?",6,2,9,
1096,"A Brazillionaire!","What do you call someone who makes a lot of money through deforestation of the Amazon?",2,7,7,
1097,"A brand New Jersey!","What Did Delaware?",6,10,4,
1098,"A brain sturgeon.","What do you call a fish that operates on brains?",2,3,1,
1099,"A bold and innovative departure from the hackneyed stereotypes that all too often dominate the joke-telling industry.","What do you call an elephant with a poor memory?",3,8,1,
1100,"A blasfemur.","What do you call an atheist bone?",1,7,1,
1101,"A bi-polar bear.","What do you cal a bear with extreme mood swings?",8,4,10,
1102,"A bat!","What animal is best at hitting a baseball?",6,10,2,
1103,"A baseball is thrown to the air.","What's the difference between a firstborn prince and a baseball?",4,7,2,
1104,"A ball-point Penguin!","What bird can write underwater?",3,3,1,
1105,"A Baghdad.","What do you call a father who was kidnapped in Iraq?",3,5,6,
1106,"A ba-na-na-naaaaa","What's Beethoven's favorite fruit?",1,9,9,
1107,"A **decaf**alon","What do you call a race run by baristas?",2,7,1,
1108,"5 dollars per-cushion.","How much do drum shaped sofas cost?",9,10,2,
1109,"28 29's","Why was 9 afraid of 20?",3,8,1,
1110,"1. 2. 3.","The three unwritten rules of /r/cleanjokes are",4,9,9,
1111,#,"How many nihilists does it take to screw in a lightbulb?",2,2,6,
1112,"&gt;Yes Well I didn't even know they were Catholic!","Did you know that protons have mass?",6,3,3,
1113,"&gt;Nacho Man Randy Savage!!!!! this is my original content!!!!","What do you call a Macho Man Randy Savage that does not belong to you?",5,9,2,
1114,//www.gettyimages.com/detail/photo/friends-at-cafe-bar-high-res-stock-photography/156534295),"This is 2 girls with 1 cup. [A.K.A. Friends At (a) Cafe Bar](http",6,1,5,
1115,//dryinginside.blogspot.com/2012/10/reinventing-yourself-doesnt-always-work.html,"Reinventing Yourself http",9,10,10,
1116,"*wave arms around* MoooooOOOOOOoooooooo","What does a ghost cow say?",7,3,6,
1117,"*unique* up on it!","How do you catch a unique rabbit?",9,10,2,
1118,"*Swift*. Job recruiters everywhere immediately started posting ads for Swift programmers with 5 years of experience.","Apple just released a brand new programming language",5,8,1,
1119,"*She ran away from the ball.*","Why was Cinderella thrown off the basketball team?",3,2,3,
1120,"*I'LL BE BACH*","What did the famous musician say the moment he was born?",2,3,7,
1121,*Decomposing*,"What is Mozart doing right now?",10,9,5,
1122,"*A pork chop.*","What do you call a pig that does karate?",7,5,1,
1123,"*A gummy bear.*","What do you call a bear with no teeth?",2,7,4,
1124,**ton**,"What is heavy forward but not backward?",10,3,7,
1125,"***P*** Even Superman can't hold it.","What's the strongest letter in the alphabet?",5,1,9,
1126,"*(Phonetically-ish)* Mis'ser Dijon.","What does Colonel Mustard's Mexican maid call him?",1,8,5,
1127,"* ***Take away its credit card!*** wa-waa-waaaa! ~Skip","An oldie but goldie! *How do you stop a charging bull?",2,2,7,
1128,),"JKLMNOPQRST That's all that stands between U and I",8,9,4,
1129,"(X-post from /r/jokes) Because they are out standing in their field.","Why do good farmers only excel when they are actually farming?",6,7,10,
1130,"(state joke) A New Hampshire","What did Virginia get when she walked into the pet shop?",8,3,5,
1131,"(Quoted from daughter at age 3) To get food for her babies!","Why did the chicken lay an egg?",10,7,6,
1132,"'I'm looking for the man who shot my paw.","A dog with only 3 legs walks into a saloon in the Old West He slides up to the bar and announces",4,2,3,
1133,"he has ice in the back of his head","so here's my first original joke! why is it impossible to surprise a snowman?",2,10,10,
1134,". lucky I was on the bottom rung.","I fell off a forty foot ladder today...",5,6,1,
1135,". it was cancelled due to unforeseen events.","I was going to go to a clairvoyants meeting the other day but...",6,1,1,
1136,". And one of them was assaulted","Two peanuts were walking down the street...",6,2,7,
1137,"! I-scream!","What's cold and scary?",10,4,3,
1138,"- Impatient cow. - Impatient co- - He already left.","Knock knock - Who's there?",2,4,8,
1139,"- Breathe stupid!","What did the green grape say to the purple grape?",8,3,1,
1140,"In the dadabase","where do they store the best dad jokes?",5,6,4,
1141,"because he lost his cache...","Why was the developer so poor?",3,6,2,
1142,"He had a byte.","What did the computer have during his break time?",2,2,9,
1143,"wheres popcorn","what did baby corn say to mommy corn?",5,8,6,
